filename,board_accuracy,full_fen_match,num_mismatches
1b1b2K1-1r6-2P4p-1b1p4-4N1k1-3B2Q1-2q5-2N2q2.jpeg,0.9219,False,5
1B1b4-1Q2b3-8-6rn-3NK3-7k-2r5-8.jpeg,0.9688,False,2
1b1B4-2b3PK-7P-8-1BP4k-4P3-8-8.jpeg,1.0,True,0
1b1B4-3b1PPn-8-6b1-n2R3r-2K5-8-3Rk3.jpeg,1.0,True,0
1b1b4-3q4-n6k-3b3R-Q7-1K3p2-1n6-1N3QRb.jpeg,0.9062,False,6
1B1B4-4R3-2R2p2-K7-8-3b3r-2Q4P-R2k4.jpeg,1.0,True,0
1B1b4-6P1-P2BK3-8-5PR1-nPr5-N4k1P-8.jpeg,0.9219,False,5
1B1b4-8-8-2B5-3b4-1B2p1K1-8-6k1.jpeg,0.9531,False,3
1b1B4-8-K3N3-b1B5-8-k4P2-8-3n1B2.jpeg,0.9531,False,3
1b1b4-Kn6-2Pk4-8-5p2-7n-7n-8.jpeg,1.0,True,0
1b1bB3-8-1P4k1-8-8-2K3r1-8-5bQ1.jpeg,0.9688,False,2
1B1BK3-7b-3Np3-4N3-2p1r2P-2r5-8-5k1b.jpeg,0.9688,False,2
1b1bK3-8-8-7r-1p5B-r4NkQ-8-6N1.jpeg,0.9844,False,1
1B1bq2B-1P2R2B-K7-6B1-2N5-5r2-N7-5Rk1.jpeg,0.9844,False,1
1b1K1B2-2p5-b2n4-6k1-8-5rN1-2b5-8.jpeg,0.9844,False,1
1b1K2R1-5PR1-7p-6p1-4k3-8-6b1-8.jpeg,0.9531,False,3
1B1K3k-8-8-2r4R-2b5-8-7b-8.jpeg,0.9531,False,3
1b1k3N-8-5P2-N2p2N1-8-1Q6-3N4-K1Q3r1.jpeg,0.9531,False,3
1B1K4-1bb3Bb-4P3-5R2-R7-8-8-6k1.jpeg,0.9844,False,1
1B1K4-1p5N-7p-1qp5-n1P5-8-6k1-b7.jpeg,0.9531,False,3
1B1K4-2b5-8-8-R3R2P-5k2-N3R1r1-1r2RR2.jpeg,0.9531,False,3
1B1K4-3B4-3p4-8-4k3-6p1-2B5-nq6.jpeg,0.9844,False,1
1B1K4-3N1k1P-6Q1-3r1n2-8-3p1NNN-8-3b2rR.jpeg,0.8594,False,9
1B1K4-3P4-6k1-1p6-6p1-8-7p-3B4.jpeg,0.9688,False,2
1B1K4-4n3-4P3-8-4Q1r1-3nk3-r7-4N3.jpeg,0.9688,False,2
1B1K4-6k1-2b2N2-4R3-7B-2pr4-2R1P3-n4n1n.jpeg,0.9688,False,2
1b1K4-8-1NR1P3-8-5B2-8-7k-8.jpeg,1.0,True,0
1b1K4-8-2R2B2-3qk2n-8-1B6-R4P2-4Q3.jpeg,0.9531,False,3
1b1K4-R5k1-4r2N-8-8-8-8-Q7.jpeg,0.9531,False,3
1b1KN3-7B-2R5-4kr1r-1Q6-2Q1pr2-2B5-4n3.jpeg,1.0,True,0
1b1Kq3-P3p3-2pnQ3-2b5-8-r4p2-3p4-3B3k.jpeg,0.9844,False,1
1B1N1B1n-4K2k-2n5-3P4-B7-2b5-2p3N1-rN5n.jpeg,1.0,True,0
1B1n1r2-8-8-1n5b-3r4-8-5k2-2K5.jpeg,0.9531,False,3
1b1n2B1-3K3N-7N-8-3pB3-P2N4-1Qrk4-n4n2.jpeg,0.9219,False,5
1B1n2r1-R5r1-p4P1P-5p2-2Br4-B7-7k-4K1B1.jpeg,0.9844,False,1
1B1n4-2p1b3-P1K1PBR1-2b4k-6B1-8-8-BN6.jpeg,0.9531,False,3
1b1N4-3K4-8-8-1N6-2r1r2k-8-8.jpeg,0.9531,False,3
1b1n4-3q4-6n1-8-5K2-3Q4-8-1r5k.jpeg,0.9688,False,2
1B1n4-3QB2R-R1K4k-2n5-2Q4n-6b1-1P6-6B1.jpeg,1.0,True,0
1B1N4-3R4-n2b4-8-8-b2P4-5b2-2K1b2k.jpeg,0.9844,False,1
1b1n4-4BKP1-8-1r5n-3p1k2-3p4-3P4-6r1.jpeg,0.625,False,24
1b1N4-5K1k-3p4-3r2b1-1n6-8-3r1n2-2QQ4.jpeg,0.9219,False,5
1B1N4-7k-1rP4N-1b6-6n1-5n2-2Q1K2P-r2B4.jpeg,0.9688,False,2
1b1N4-7k-4b3-8-8-8-3P4-3K4.jpeg,0.9375,False,4
1b1N4-8-2K5-1nr2p2-Nn6-1RQ5-8-R5rk.jpeg,0.9844,False,1
1B1N4-8-8-1K6-8-8-5N1k-8.jpeg,0.9531,False,3
1b1N4-8-8-2N1N3-P7-p7-4r1k1-3K4.jpeg,0.9688,False,2
1b1N4-8-8-7k-3K1Pp1-8-8-3B4.jpeg,0.875,False,8
1b1n4-N7-7R-8-2K1p1p1-N3b3-B1p2PP1-3k4.jpeg,0.9062,False,6
1B1Nk3-3n4-2B5-4bb2-K4B2-4r2p-6R1-1r6.jpeg,0.5938,False,26
1B1nkB2-1K6-3p2p1-8-P2b4-8-8-3N4.jpeg,0.9219,False,5
1b1NN3-3N3p-3k4-8-1K4b1-2R5-5r2-5N1B.jpeg,0.9688,False,2
1B1nR3-1K6-8-1R6-2P1k1n1-2P4p-5B2-6qb.jpeg,1.0,True,0
1b1nr3-p3N3-Bp6-1q6-2K1k3-B7-1P6-N7.jpeg,0.8906,False,7
1b1Q1B1R-8-r7-K2n4-q7-1P2k2N-8-BQ2N3.jpeg,0.9688,False,2
1B1Q2B1-8-1K6-8-3k4-6B1-nP3P2-8.jpeg,0.9219,False,5
1b1Q4-3K1NP1-B7-8-R4N2-3r4-4q3-1N1k4.jpeg,1.0,True,0
1b1qb3-4r3-5k2-8-8-2R5-8-2K5.jpeg,0.9062,False,6
1B1qR3-8-8-K1N5-6n1-8-7P-5k2.jpeg,1.0,True,0
1b1R1B1n-4Rk2-3n4-5P2-2n5-8-5n1R-1K2R1q1.jpeg,0.9844,False,1
1b1r1N2-3K4-1B4n1-6Rk-3N4-2b4r-1Qq1P3-7b.jpeg,0.9219,False,5
1B1r1r1N-5R2-8-1b1p4-N1Np4-2KB2R1-3p4-7k.jpeg,1.0,True,0
1B1r2B1-2P5-4Q3-6rN-4K2B-8-2R3k1-4R3.jpeg,0.9688,False,2
1B1R2N1-4NKr1-P1b5-7p-1p5b-p4R2-4n3-6k1.jpeg,0.9844,False,1
1B1r3B-6q1-5N2-3N2n1-3q4-4K3-6k1-7R.jpeg,0.9375,False,4
1b1r3n-Q1q1rk2-5NN1-8-2r5-6B1-B4P1N-1K6.jpeg,1.0,True,0
1B1R3R-3k3P-7R-b1R3Bb-1Q6-1KP5-1R4q1-8.jpeg,0.9688,False,2
1b1r4-1K5q-1P2p2P-8-5B2-2Pb4-3k4-4QB1b.jpeg,0.875,False,8
1B1R4-1n1q2pk-8-6BR-6Nb-8-N7-3K4.jpeg,0.9844,False,1
1B1r4-1n6-8-2PK1k2-2B5-5R1R-6n1-8.jpeg,0.9844,False,1
1B1r4-2B5-8-6k1-8-3K2r1-8-3R4.jpeg,1.0,True,0
1B1R4-6P1-b4K1r-1q6-4bPr1-4B1k1-3B2P1-8.jpeg,0.8906,False,7
1B1R4-6r1-3B2k1-7Q-R1rK4-1p2N3-8-2n1nb2.jpeg,1.0,True,0
1b1r4-8-8-1p6-1q1K2k1-p7-1p5P-8.jpeg,0.9688,False,2
1b1r4-8-8-4k3-b7-1K6-4P3-8.jpeg,0.9219,False,5
1B1R4-r2n4-r7-RQ3b2-1p6-3b4-3k4-K7.jpeg,0.9219,False,5
1B1Rn2q-8-1p6-4B3-8-3n2B1-Pr6-1KRbRk2.jpeg,0.9844,False,1
1B1rQR2-1K6-1p2n3-8-3R2p1-8-7b-2k4q.jpeg,0.8281,False,11
1b2B1b1-n6K-8-B4b2-3R1n2-2b1P3-5R2-R5Rk.jpeg,1.0,True,0
1B2b1Bk-7n-p7-K7-8-1b6-p7-8.jpeg,0.9688,False,2
1b2b1R1-1Q4bP-1r6-3n4-2nK4-2P1R2b-Q7-7k.jpeg,1.0,True,0
1B2b2R-2K2p2-P2R4-2k3R1-6q1-Q7-1b4p1-n7.jpeg,0.9688,False,2
1B2B3-3r4-8-4K3-1N6-4k3-8-2B5.jpeg,1.0,True,0
1b2B3-4N3-8-K7-8-pk3p2-8-8.jpeg,0.9531,False,3
1B2B3-5N2-1b5p-5n2-2brPk2-6b1-3P1b2-4K1N1.jpeg,0.9219,False,5
1B2b3-8-4r3-K7-4k1P1-6Q1-8-8.jpeg,1.0,True,0
1B2b3-8-8-6r1-NK4k1-P1N5-4b2P-n7.jpeg,0.9531,False,3
1B2b3-8-K1r5-6p1-3k2r1-2p5-NN3pn1-3R4.jpeg,1.0,True,0
1b2b3-8-K3B3-8-k2q4-2B2p2-8-8.jpeg,0.9688,False,2
1B2B3-bk6-8-K7-1P2n3-8-3N4-3r4.jpeg,0.9375,False,4
1b2Bn2-3n4-1B6-6rk-r4q1N-1n6-1P2N3-2R2K2.jpeg,1.0,True,0
1B2bR2-K2Q2n1-Q7-2Bk4-8-2N5-q1n2b2-1Br5.jpeg,0.9844,False,1
1b2k1n1-K2Bp3-2r5-3rn3-1N6-4R3-8-R1n5.jpeg,0.6406,False,23
1b2k2b-6p1-6b1-n4r1R-1K6-8-1R6-1b5R.jpeg,1.0,True,0
1b2K2k-8-2r5-8-8-3n4-P7-8.jpeg,0.9688,False,2
1b2K2R-8-N7-7k-5P2-8-8-8.jpeg,0.9844,False,1
1B2k3-1KBP2b1-8-4P3-P7-1P4r1-8-8.jpeg,1.0,True,0
1b2K3-1rN5-r1p2Q2-3n3r-8-3N1k2-7P-6B1.jpeg,0.9844,False,1
1b2K3-8-6k1-P7-8-2PR4-3p4-8.jpeg,0.9844,False,1
1b2k3-8-6r1-8-RRp5-8-1BK5-B3b2B.jpeg,0.9688,False,2
1b2K3-8-8-8-4k3-8-8-n5r1.jpeg,0.9844,False,1
1B2K3-8-q3P1pk-8-2R2bRQ-7B-N1q5-5R2.jpeg,0.9219,False,5
1b2K3-Rr6-8-8-4p3-p3k3-3N2P1-8.jpeg,1.0,True,0
1B2KB2-8-8-5k2-p7-2P5-3p4-8.jpeg,1.0,True,0
1B2N1N1-bN6-5B2-5N2-n3R3-3r4-8-4K1bk.jpeg,1.0,True,0
1b2n2k-K7-2N1r3-4R3-1r6-3q4-Q6b-8.jpeg,1.0,True,0
1b2n2N-1P6-2n5-1K6-nN5Q-4bk2-8-7b.jpeg,1.0,True,0
1b2N2r-8-2K5-8-7P-8-3k4-3n4.jpeg,0.9375,False,4
1B2n3-4K2n-p4p2-6B1-8-1p3q1k-2P2q2-N5r1.jpeg,1.0,True,0
1b2N3-4pK2-3q4-8-2n1Q3-2P2k2-8-6Q1.jpeg,1.0,True,0
1B2N3-5B2-n2P2r1-8-4QK2-8-1P1N1k2-6Q1.jpeg,0.9219,False,5
1B2N3-8-1r1Kr3-1N4r1-6k1-8-8-1N5R.jpeg,1.0,True,0
1b2n3-p1p5-8-5K2-P7-5k2-8-8.jpeg,0.9844,False,1
1B2N3-Q2K4-8-r1B5-8-B1r5-7k-b7.jpeg,1.0,True,0
1B2nn1k-1K3B1P-5N1R-2N3Nn-8-8-4p1p1-8.jpeg,1.0,True,0
1B2nn2-8-8-nK4n1-8-4P3-1p2k3-8.jpeg,1.0,True,0
1b2nr2-8-3K2k1-8-5p2-b7-8-8.jpeg,0.9688,False,2
1b2Q3-1K6-3B4-nNk3Q1-2nb4-1q4p1-p7-6q1.jpeg,0.9531,False,3
1b2q3-1P1K4-6N1-7k-8-8-8-8.jpeg,0.9844,False,1
1b2Q3-1p3K2-8-8-1B2N3-P4p2-2p1n1kn-8.jpeg,0.9844,False,1
1b2Q3-5k2-2b4B-5n2-8-4K3-4p3-8.jpeg,0.9688,False,2
1b2Q3-8-4n2r-3Kp1P1-1P1R1B1n-1B5r-6kQ-8.jpeg,0.9844,False,1
1b2Q3-K7-5PP1-1N3k2-B3P3-8-4n3-2r3Q1.jpeg,0.9375,False,4
1b2q3-N6N-2R3Q1-4P1p1-8-8-1b6-1r1K1R1k.jpeg,0.9531,False,3
1B2qq2-2K5-8-5n2-7p-6k1-8-8.jpeg,0.9844,False,1
1b2R1K1-1pR5-3q4-8-3r3N-1B1NN2n-7k-6r1.jpeg,0.9688,False,2
1B2r2k-2N3B1-8-r7-1p3N2-8-K7-8.jpeg,0.9219,False,5
1B2R2K-2N5-1b4p1-1R6-3p2p1-3pP3-8-5Brk.jpeg,1.0,True,0
1B2R2k-5b2-P7-3K4-4N3-4B3-3QQPPN-4B2r.jpeg,1.0,True,0
1B2r3-1B6-K7-8-3q4-1r1k4-7r-2R1r3.jpeg,0.9844,False,1
1B2r3-3PP3-3p1R1K-P4bp1-8-3P1NN1-4P3-7k.jpeg,1.0,True,0
1b2R3-4r1P1-N7-2nk3b-8-8-8-2K4r.jpeg,0.9531,False,3
1b2r3-8-1Pp5-6B1-2p2Q2-1RP1K3-5P2-3Bn1k1.jpeg,0.8906,False,7
1b2r3-K7-5P1b-3n3p-5k2-1n3n2-8-2N5.jpeg,0.9062,False,6
1B2R3-P7-8-3N2P1-5n2-4P3-1R3K1k-2q3b1.jpeg,0.9688,False,2
1b3B1b-K5k1-5p2-4p3-2p1n3-4R2b-2r5-1r6.jpeg,0.8906,False,7
1B3B1k-7b-P2p3r-4Q3-8-1n6-2N3K1-7b.jpeg,0.9375,False,4
1b3B2-1K6-5n2-8-8-2k4B-5b2-7r.jpeg,0.9531,False,3
1B3B2-2b4k-6bp-2Bn4-1Q4Q1-4N3-1KR5-3r1q2.jpeg,0.9531,False,3
1B3b2-2p3b1-2K1q3-1P6-1b6-1Rq5-8-bb3k2.jpeg,0.9531,False,3
1B3B2-3r4-8-8-5K2-1R5k-6R1-4R3.jpeg,0.9531,False,3
1b3b2-7B-b2K3q-n3p3-N2k4-7P-6nP-6Rr.jpeg,0.625,False,24
1b3B2-8-1P6-6k1-3RP3-8-2K1q2p-5b2.jpeg,0.9688,False,2
1B3B2-8-3K4-1Q2B2k-8-8-B7-3q4.jpeg,1.0,True,0
1B3B2-8-8-1K4k1-8-8-8-4n1nB.jpeg,1.0,True,0
1b3b2-8-8-8-3r1K2-8-5k1n-1r6.jpeg,0.9531,False,3
1b3B2-8-K7-4k3-8-r7-8-8.jpeg,0.9844,False,1
1B3Bb1-8-2K3k1-8-3P4-8-5r2-2R3N1.jpeg,0.9531,False,3
1b3bQ1-2K5-bP1R2r1-2n4R-2k5-4PP2-1R6-B7.jpeg,0.9844,False,1
1B3bqk-6B1-1B2P1K1-7R-8-4pPp1-brr5-8.jpeg,0.9844,False,1
1B3Br1-1q1P4-4qB2-8-7b-6k1-3rP3-5K2.jpeg,0.9219,False,5
1B3bR1-3n3R-K4b2-8-k7-8-8-8.jpeg,0.9375,False,4
1b3k1R-1K3b1N-8-8-8-1Pn2p2-8-5R2.jpeg,0.9688,False,2
1B3K2-1P6-8-2b5-5r2-3b4-8-5k2.jpeg,0.9688,False,2
1b3K2-1PP4R-8-4P3-2bp4-2P4n-B3R1Qk-8.jpeg,1.0,True,0
1b3k2-3b3b-r6r-8-8-2p5-2K1n3-1b5q.jpeg,0.5156,False,31
1b3K2-4B3-4qQ2-q5Q1-P7-8-RB5k-q7.jpeg,0.9531,False,3
1b3k2-5Qp1-8-K7-8-8-8-8.jpeg,0.9531,False,3
1B3k2-8-5nrN-4pRpR-2Q2b2-1n4B1-1p6-4K3.jpeg,0.9844,False,1
1b3k2-8-8-8-8-K7-2np4-8.jpeg,1.0,True,0
1B3K2-B7-7n-1bP5-8-8-2q5-1Q5k.jpeg,0.8906,False,7
1B3k2-P6P-8-8-3K1R2-NPrN3P-2B4P-N1b5.jpeg,0.625,False,24
1B3kR1-4b1P1-2K5-N6P-4b3-2r4N-5B1R-8.jpeg,0.875,False,8
1b3n1k-1p6-8-8-4q3-1B2K3-8-8.jpeg,0.9531,False,3
1b3n2-1B6-7p-Nn6-KP1nk3-2P5-1p6-1BR5.jpeg,0.9844,False,1
1b3N2-4k3-2N3r1-1N2b1q1-2K1q1n1-3P4-2P5-3b1B2.jpeg,0.8594,False,9
1b3N2-4rr2-nNR1b3-8-b3k3-KB6-b2p4-3b4.jpeg,0.875,False,8
1b3n2-6q1-4b2p-8-8-5k2-2rKppQ1-8.jpeg,1.0,True,0
1B3N2-7r-2K3kr-8-5p2-4B1B1-1P6-8.jpeg,0.9531,False,3
1b3N2-8-3Q4-8-2k1r1qR-2p5-3r4-KB1n2B1.jpeg,0.9375,False,4
1b3nR1-1q5r-1N6-p2k4-6P1-p4N2-3qr3-2K5.jpeg,0.9531,False,3
1b3q1B-4k3-8-2qp3N-b7-1r4P1-K5B1-5N2.jpeg,1.0,True,0
1b3q1k-7b-7q-K2P2P1-5p2-8-5Q2-4N3.jpeg,0.9375,False,4
1B3q2-2k4P-8-1QB5-5b2-K7-6B1-1R6.jpeg,1.0,True,0
1b3Q2-4pP1k-Q3P3-3q4-8-PbRR4-2p5-2K5.jpeg,0.9844,False,1
1b3qB1-8-6k1-6q1-8-5K2-2b5-7B.jpeg,0.8906,False,7
1B3Qn1-3K4-1r6-7p-3r3B-5kbp-7B-3B4.jpeg,1.0,True,0
1B3R1k-2P1R2R-5p2-3P4-5q2-1p3K1p-2P4n-8.jpeg,0.9375,False,4
1B3r1r-3QQ3-bq4b1-5k2-1p3n2-8-2p2pP1-K7.jpeg,0.9844,False,1
1b3r2-1P6-2B4R-K2b4-1Nk5-3b3N-1n6-5N2.jpeg,0.5781,False,27
1B3r2-1P6-8-1N5P-8-8-6P1-K3k3.jpeg,0.9844,False,1
1B3R2-4K3-5r2-8-4P3-6r1-8-6k1.jpeg,1.0,True,0
1B3R2-K2p4-b7-7n-p7-8-1R2k2r-n7.jpeg,1.0,True,0
1B3r2-Nn6-3N4-1K6-6r1-1k6-6p1-8.jpeg,0.9844,False,1
1b3rN1-8-3K4-8-8-PP3N2-8-7k.jpeg,1.0,True,0
1B3rq1-8-8-7r-2n5-3K4-1r6-2Q4k.jpeg,1.0,True,0
1B4b1-2p2B2-1B5k-8-5B2-8-5p2-1K6.jpeg,0.9688,False,2
1b4b1-5b2-8-8-6K1-8-8-4R1k1.jpeg,0.9531,False,3
1B4B1-5b2-K7-8-k5N1-1Q4R1-P2P3B-3Nb3.jpeg,1.0,True,0
1B4B1-6k1-3P4-5B2-p1PP4-5K2-8-8.jpeg,1.0,True,0
1b4B1-8-2n2R1b-K6n-8-6k1-8-4q3.jpeg,0.9375,False,4
1b4b1-8-7k-1R2p2B-4K3-1Q2BP1n-3B4-8.jpeg,0.9375,False,4
1B4B1-p4n2-3pP1k1-5P2-3Q4-8-P2r4-K6n.jpeg,1.0,True,0
1B4bk-1K1Pn2n-8-8-2r3PP-5p2-1p6-5Q2.jpeg,0.9844,False,1
1B4bk-1r5r-8-8-r1KNq3-8-b4r2-R3r3.jpeg,1.0,True,0
1b4bk-6R1-8-8-2K3B1-8-8-8.jpeg,0.9844,False,1
1B4BN-8-n4k2-2R1n3-8-RKq1b3-1p6-5r2.jpeg,0.9375,False,4
1b4K1-1RBN4-8-8-4P3-1B1N4-5R1p-1b4kb.jpeg,0.8438,False,10
1b4k1-4B3-8-rB2PK1R-2p5-5PP1-1Br5-2R5.jpeg,0.9688,False,2
1B4k1-6bq-6R1-8-P5Np-Kpn1P3-8-1n5R.jpeg,0.8281,False,11
1b4K1-7R-6Qn-2R3k1-4B3-5P2-8-5B2.jpeg,0.5938,False,26
1B4k1-8-7B-Bp1p4-p7-8-2P3N1-K7.jpeg,1.0,True,0
1b4n1-1B3b2-8-1K4r1-6R1-2n5-8-b3k1R1.jpeg,0.9375,False,4
1B4N1-1R4R1-4n1Bp-4R3-2K4b-4k3-8-n1B4N.jpeg,0.9531,False,3
1B4n1-2b5-1PR1Pk2-1Q1b4-8-1r6-1KB1p2b-6N1.jpeg,1.0,True,0
1B4N1-3P1Pb1-4bk2-K7-7P-2Np4-P7-1B3N2.jpeg,0.9375,False,4
1B4n1-4p1q1-4RNR1-5r1p-1K5k-2R2r1P-8-7R.jpeg,0.9219,False,5
1b4n1-8-1K3P2-8-B2P4-8-1b6-5k2.jpeg,0.9531,False,3
1b4N1-8-5K2-R5P1-7k-5N2-8-4N1b1.jpeg,0.875,False,8
1B4n1-N7-2K4p-3R1Nk1-Q2n4-6b1-7P-8.jpeg,0.9844,False,1
1b4Nk-1Pq2B2-3K1b2-1B2Q3-2N5-4R3-8-3bB3.jpeg,0.9062,False,6
1B4q1-3p2N1-1R6-6k1-2p5-n5n1-8-5K2.jpeg,1.0,True,0
1b4q1-5Pk1-8-6p1-5p2-p4pN1-5K2-8.jpeg,0.9531,False,3
1b4Q1-7k-N6r-8-K5p1-5qB1-1rr5-8.jpeg,0.875,False,8
1B4Q1-7r-p2P1NN1-6k1-3K3p-4N3-8-8.jpeg,0.8438,False,10
1B4q1-K7-7p-6Q1-3p4-8-4q3-6Bk.jpeg,0.9844,False,1
1B4q1-p7-3B4-n7-8-1K4r1-2Q5-7k.jpeg,0.9531,False,3
1B4Qb-5N1b-8-2k3r1-2r5-7P-1Kn5-7r.jpeg,1.0,True,0
1B4r1-1n6-n7-b3R3-R7-8-K4k2-8.jpeg,0.9375,False,4
1b4r1-1p3N2-K1Pp2N1-8-PkBbP3-8-3r4-8.jpeg,0.8125,False,12
1B4R1-2K4p-8-8-R3n1k1-8-8-n4r1N.jpeg,0.9844,False,1
1b4R1-2K5-3PB1Q1-n7-8-2R1k2p-P7-R7.jpeg,1.0,True,0
1b4R1-4N3-5B2-4P3-8-1rN4b-2r5-2K1k3.jpeg,1.0,True,0
1b4r1-4rp1N-8-6q1-8-5Bp1-3KQ3-7k.jpeg,0.9375,False,4
1B4r1-5kn1-3B4-8-2b1Q3-B2qq3-1K5p-4n1N1.jpeg,0.625,False,24
1B4R1-7B-8-2K3n1-8-7k-R1r5-1B6.jpeg,1.0,True,0
1B4R1-8-1r2nR2-6R1-2r1Q3-qNK3p1-6N1-B6k.jpeg,0.9688,False,2
1b4R1-8-1Rq1PQ2-N7-8-5r2-2R3P1-2K1k3.jpeg,1.0,True,0
1B4r1-8-2K3r1-2p5-5r2-4k3-BRP5-3rb1Rb.jpeg,0.9844,False,1
1b4r1-K5n1-2k5-8-3R1n1B-8-5N2-N5r1.jpeg,0.9219,False,5
1b4R1-N7-8-1b2k3-pb5Q-5N2-K4p2-6n1.jpeg,0.9688,False,2
1b4r1-Q5Rq-3r4-2Np4-6Bp-P2K3k-1p6-3b4.jpeg,0.6406,False,23
1B4RB-4K1p1-B7-1p2r3-7R-5b1B-3B1kP1-2b5.jpeg,1.0,True,0
1b4rn-2P2P2-B5R1-3p2R1-6k1-4K3-5R1R-N7.jpeg,0.9062,False,6
1b4rR-8-4P3-pN6-4nr1k-1N4p1-1P2K3-2N5.jpeg,1.0,True,0
1b5B-1K5p-2P3n1-1B6-8-3P1p2-2R3Pn-1k6.jpeg,0.9219,False,5
1b5B-1KP3k1-P7-8-7B-3Q4-8-5rN1.jpeg,0.9375,False,4
1b5b-1P3P2-6B1-8-1PK3k1-n3B3-1n2N1bR-8.jpeg,0.9219,False,5
1B5B-2b5-1K5r-6R1-7R-8-1q6-3k1b2.jpeg,0.9844,False,1
1B5b-3pN3-8-K1NN4-2N1n3-8-1Rk3b1-1Nr5.jpeg,0.9219,False,5
1B5B-4K2b-1p6-4pR2-8-8-p4N1N-4kr2.jpeg,1.0,True,0
1b5B-4k3-2r5-5n2-K7-8-8-4BQ2.jpeg,1.0,True,0
1B5B-5k1b-p2b2NP-8-8-p7-1N6-4KQ2.jpeg,1.0,True,0
1b5b-5p2-7B-3p4-3K4-8-4n3-3Rk3.jpeg,0.9531,False,3
1b5b-5r2-8-K3P1b1-p3B2B-5k2-4b3-2bQ4.jpeg,1.0,True,0
1B5b-6pn-8-5R2-5N1k-8-3r1K2-8.jpeg,0.9531,False,3
1B5b-7k-8-8-Kp6-7P-8-1nb5.jpeg,1.0,True,0
1b5b-8-3K4-Q7-6r1-4p3-5B2-3r1k1B.jpeg,0.9531,False,3
1B5B-8-5P2-3Q4-4P2R-p7-2K1QB2-5k2.jpeg,0.9844,False,1
1b5B-8-8-2p2P2-3BPP2-7k-1K6-8.jpeg,0.9688,False,2
1B5k-1K3p2-1P1Q1Q2-8-1N6-p1nr4-2b5-8.jpeg,1.0,True,0
1b5k-2K3n1-3n3p-3P3b-P1N5-2P2Q2-8-1N6.jpeg,0.9375,False,4
1B5k-3n4-3r4-2PB1q2-3nK2n-R7-1P4R1-2b5.jpeg,0.9375,False,4
1B5k-4B3-3q4-2n5-8-2r5-5Kr1-8.jpeg,0.9844,False,1
1B5K-8-6Bk-8-3r4-7r-8-8.jpeg,0.8281,False,11
1B5K-8-7k-7N-1N1r4-8-8-8.jpeg,0.9375,False,4
1b5k-8-8-R6p-3pQ3-8-8-4K3.jpeg,1.0,True,0
1B5k-K3r3-3R4-5qb1-5n2-8-2q3Q1-R5N1.jpeg,0.9219,False,5
1b5k-n5b1-8-7n-2P5-1P6-K1R5-2r5.jpeg,1.0,True,0
1B5k-Pr1R1r2-8-6K1-3p4-1Pp1Q3-8-2R1R3.jpeg,1.0,True,0
1b5k-QQ5b-1N3K2-B6Q-b2Pp3-8-1nP5-8.jpeg,0.9688,False,2
1B5N-1n6-8-8-5K2-8-8-5nk1.jpeg,0.9375,False,4
1b5N-2B5-2K5-5P2-1b4k1-8-8-3b2r1.jpeg,0.9375,False,4
1B5N-2n5-6k1-8-2K1q3-8-4n3-3Q2r1.jpeg,0.9375,False,4
1b5n-3nk3-6r1-KB4q1-8-8-7n-8.jpeg,0.9375,False,4
1B5N-8-8-K3r1Br-N5k1-2p4p-7b-R4q2.jpeg,0.9375,False,4
1B5N-K3k1R1-1P6-8-8-Q6b-3q1B2-r7.jpeg,0.9844,False,1
1b5Q-6N1-8-3k4-1K4P1-8-5P2-8.jpeg,0.8906,False,7
1B5R-1P2B3-3kr3-1N2P3-8-2Nb3N-1K1bP3-4r3.jpeg,0.875,False,8
1B5r-1pB1r3-1K6-P2k4-8-8-1b3bn1-3R1r2.jpeg,0.9219,False,5
1b5r-2K5-1r1N4-3Nrp2-2p3Q1-2P5-8-2k4b.jpeg,0.9531,False,3
1B5r-3pb3-8-1b3k2-q1rK4-3PrN2-8-8.jpeg,0.8594,False,9
1b5r-6n1-8-1q5k-2Pb2R1-n2K4-8-7B.jpeg,0.9688,False,2
1b5R-8-1P6-1bk5-8-8-7B-K7.jpeg,1.0,True,0
1B5r-8-6P1-K2k4-1B2R2R-8-8-3q4.jpeg,1.0,True,0
1B5r-P2n4-8-1R3B2-2nB4-1R6-3b1K2-5B1k.jpeg,0.9531,False,3
1B5R-PK6-3qB3-1r3k2-8-8-1p6-8.jpeg,1.0,True,0
1b5R-r4k2-p3p3-1r2P3-1P6-1KB4R-b3r3-1r6.jpeg,0.9844,False,1
1b6-1b1R2k1-1N5r-8-P1K3P1-8-7b-3rq1b1.jpeg,0.9531,False,3
1B6-1B6-6k1-4K3-7R-3n4-8-8.jpeg,0.9062,False,6
1b6-1bK2k2-nP5N-1R4B1-2b5-3b2P1-8-2N5.jpeg,0.9844,False,1
1B6-1bp5-8-3p4-1N4Q1-n4p2-2K5-n3k3.jpeg,0.6094,False,25
1B6-1k3B2-8-8-8-1N5p-K3b3-2Q1b3.jpeg,0.9375,False,4
1b6-1K5q-P7-5N1b-2k1R3-7p-1p2b3-B1B5.jpeg,0.9375,False,4
1B6-1K6-8-4N3-8-2B5-4B1R1-6k1.jpeg,1.0,True,0
1B6-1K6-8-8-2P5-1q4nk-4Qq2-8.jpeg,0.9844,False,1
1b6-1K6-8-r6k-8-8-5r2-8.jpeg,1.0,True,0
1B6-1K6-q5B1-5p2-1B2p3-6k1-2q2P2-2n1r2n.jpeg,0.9844,False,1
1B6-1KR1B3-pP2Rn2-5p1B-8-8-4N3-1k6.jpeg,0.9688,False,2
1b6-1kR5-8-4R1P1-8-8-3B4-K3Q3.jpeg,0.8906,False,7
1B6-1N2R3-4P3-8-2pb1n2-2K2p1B-BR6-7k.jpeg,1.0,True,0
1b6-1N4N1-p7-2p2Br1-8-4K3-8-1q5k.jpeg,0.9375,False,4
1B6-1N6-K4Q1p-8-1b4RP-2R4N-1kP1B3-3B3b.jpeg,1.0,True,0
1B6-1p1K4-4q3-n2r1R2-4p2k-3r2b1-8-4RrBB.jpeg,1.0,True,0
1b6-1p3r1p-K7-6r1-B7-1k1b4-4r3-6b1.jpeg,0.9062,False,6
1B6-1p4Bk-3K4-4P3-8-7B-R3P2P-1QN5.jpeg,1.0,True,0
1b6-1q3b1K-8-7k-2N5-8-3pr3-3B4.jpeg,0.9844,False,1
1B6-1Q4r1-1B4b1-1K4pr-8-n7-4k3-6R1.jpeg,0.9688,False,2
1b6-1q6-8-2b4k-K3P3-3N1B2-2R5-N7.jpeg,1.0,True,0
1b6-1r2q3-5R2-1p6-5k1p-K7-7N-2n5.jpeg,0.6406,False,23
1b6-1r3k2-4P3-1P1K1p2-2p5-8-8-8.jpeg,0.9375,False,4
1B6-1RQ5-3Bk3-7p-1Bp5-2q5-8-K1b4R.jpeg,0.9844,False,1
1B6-2b2k2-3Q4-3Q2NQ-1p3r2-2K1bp2-8-2n5.jpeg,0.9375,False,4
1b6-2bq4-1p6-K7-7k-8-7P-1Q1R2b1.jpeg,0.9844,False,1
1B6-2K1p3-6Pk-7N-4P3-4b2n-3Q2b1-6B1.jpeg,0.9844,False,1
1b6-2K2kNp-5n2-1q3P2-P7-8-3p1b2-5n2.jpeg,1.0,True,0
1B6-2K2n2-8-3k3B-2P5-8-4B1p1-8.jpeg,1.0,True,0
1b6-2K3Q1-5q1k-3B4-1p1P4-8-6R1-B5Rn.jpeg,0.9531,False,3
1b6-2K5-1P2p3-8-8-8-4k1p1-8.jpeg,0.9219,False,5
1B6-2K5-1P6-q7-8-P2k3R-1b6-7B.jpeg,0.9844,False,1
1B6-2K5-2N5-1b6-8-8-8-7k.jpeg,0.9375,False,4
1B6-2K5-8-1B5n-r7-q6p-P4n2-2k5.jpeg,0.9844,False,1
1B6-2K5-8-8-8-r7-8-1r1k4.jpeg,0.9688,False,2
1b6-2k5-K7-4n1R1-1NP5-8-8-r3N1n1.jpeg,0.875,False,8
1B6-2Kn4-8-8-4k3-8-2N5-8.jpeg,0.9688,False,2
1b6-2n1n3-n3r3-K7-p1kB4-8-1p6-q6B.jpeg,0.9688,False,2
1b6-2N3n1-1n3R2-8-3B2k1-K7-1R6-1r1q2nb.jpeg,0.9062,False,6
1b6-2N3P1-8-5Q2-4k3-8-1Q1K2r1-8.jpeg,0.8594,False,9
1b6-2N5-2p5-8-8-3B2k1-8-2K5.jpeg,1.0,True,0
1B6-2N5-8-1K2Pp1k-8-2r5-8-8.jpeg,1.0,True,0
1b6-2pk4-K2n1B2-8-2R5-3q4-Q3PB2-5n2.jpeg,0.9375,False,4
1b6-2Pnk3-5n2-1K5R-7P-8-1b6-6R1.jpeg,0.9375,False,4
1B6-2q1q3-6B1-2R5-2pR1K1k-8-1N5n-B1B5.jpeg,0.9688,False,2
1b6-2R2b2-1K3rn1-2P2r2-8-8-1N4k1-8.jpeg,0.9375,False,4
1b6-2r4k-K1B3N1-3P2N1-3p2n1-4P3-4Bq1R-8.jpeg,0.9531,False,3
1B6-2r5-NP3R2-7p-8-2kQb3-3P2p1-1Kn3B1.jpeg,0.9688,False,2
1b6-2RB4-1rr5-2K1P3-7p-R3kq2-7p-5r2.jpeg,0.9375,False,4
1B6-3b2R1-1P6-3n4-K7-5nRb-8-4k2Q.jpeg,1.0,True,0
1b6-3b4-K1Rk4-6rb-8-3B4-p5P1-5N1R.jpeg,1.0,True,0
1b6-3B4-K3q3-4q3-p1r1pn2-P7-4N3-k7.jpeg,1.0,True,0
1B6-3k4-8-4n1N1-2q5-2K5-2b5-5b2.jpeg,0.9688,False,2
1B6-3K4-8-8-6k1-6N1-4p3-3B2B1.jpeg,0.8594,False,9
1B6-3K4-8-8-R4k2-1N6-1N6-7N.jpeg,0.9688,False,2
1b6-3N1N2-r1Bk2P1-7p-5r1R-K7-1P6-n2B4.jpeg,0.9219,False,5
1B6-3n2q1-3P2b1-3k2N1-Kb1P4-4R3-3P2P1-8.jpeg,0.9844,False,1
1b6-3N4-6B1-8-8-2K5-4Nn2-6k1.jpeg,0.9375,False,4
1B6-3n4-8-7k-n3K1Q1-8-2p5-1b3R2.jpeg,0.8906,False,7
1b6-3P4-6B1-K7-7k-7b-2R5-2N1b3.jpeg,0.9531,False,3
1B6-3P4-8-P7-K2Rk1p1-1R2P3-1P6-1n6.jpeg,1.0,True,0
1b6-3pb2R-6p1-Bq6-1P6-P2R2b1-1K3r1k-8.jpeg,0.6562,False,22
1B6-3Q4-7p-2p5-4p1K1-4n3-1b4k1-r1rB4.jpeg,0.8906,False,7
1B6-3qB2B-1n6-K4B2-1b6-P3B2n-3p4-4qk2.jpeg,0.9844,False,1
1b6-3R2R1-8-PK1k3N-3p3n-2n5-3N2N1-1r2n2b.jpeg,0.9688,False,2
1b6-3r4-5k2-2R2r2-4K2P-8-8-8.jpeg,0.9844,False,1
1b6-3r4-8-1K2R3-Qr6-r6k-8-b7.jpeg,1.0,True,0
1b6-3R4-8-7k-3r4-8-7P-K1B5.jpeg,0.9062,False,6
1B6-3rB3-6p1-rQ2Q3-1K1k1B2-7r-3Q4-8.jpeg,0.9531,False,3
1b6-4b2k-b1b1P3-2p5-8-5p2-1p6-6Kb.jpeg,0.9844,False,1
1b6-4B3-3B4-3kp3-8-1K6-8-N7.jpeg,0.9844,False,1
1b6-4b3-6Pk-1P3PN1-b3n2B-7p-1K1R4-1q6.jpeg,0.9844,False,1
1B6-4k2B-3NP3-3K1Q2-6p1-4p3-pR6-2rn4.jpeg,1.0,True,0
1B6-4k3-2K4R-8-8-4Q3-1p6-8.jpeg,0.875,False,8
1b6-4K3-6k1-8-8-4p3-4R3-5r2.jpeg,0.8906,False,7
1B6-4k3-8-8-2P5-8-6R1-K4b2.jpeg,0.9531,False,3
1b6-4K3-N7-6k1-8-8-7n-8.jpeg,1.0,True,0
1B6-4kB2-7b-3b4-1K1r3R-8-4B3-b7.jpeg,0.9375,False,4
1B6-4N3-1k1N4-Q7-1R6-2rPN1N1-K7-4b3.jpeg,0.9219,False,5
1B6-4N3-2r5-2Q3b1-q7-R2KB3-B7-6k1.jpeg,0.9844,False,1
1B6-4p3-2p5-p3B1Pb-K3q3-P2n4-1k5Q-1b6.jpeg,0.9375,False,4
1b6-4pB2-4r3-R1P1p3-1K2R3-R3r3-4P2P-4Qk2.jpeg,0.875,False,8
1b6-4qNB1-N5n1-p4p1p-6p1-4K3-2N5-3b1k1r.jpeg,0.9688,False,2
1B6-4R3-1b6-6P1-K7-8-8-1k6.jpeg,0.9375,False,4
1b6-4R3-8-1pP1K2k-P1P5-1B6-4NBrP-6Q1.jpeg,0.9844,False,1
1b6-5B1P-8-R3k3-6N1-q7-p1K5-8.jpeg,0.9531,False,3
1B6-5K2-1N1n4-1P2N3-6bn-p6k-b3B3-8.jpeg,0.9688,False,2
1B6-5k2-4b3-8-1PBK4-7Q-1q5r-7n.jpeg,0.9844,False,1
1b6-5kn1-7r-8-b7-3b4-8-2BK4.jpeg,0.9219,False,5
1b6-5n2-1b6-1pN5-8-1Q5k-4P3-2q2K2.jpeg,0.9688,False,2
1b6-5N2-B1p5-7k-2N5-1q6-8-4K3.jpeg,0.9844,False,1
1b6-5P2-q2P4-3N4-6k1-3K4-4P3-6b1.jpeg,1.0,True,0
1b6-5Pq1-N1p2Q2-2K5-8-7n-P1k2NBq-5B2.jpeg,0.9375,False,4
1b6-5Qk1-5b2-6P1-5Rp1-8-1K6-8.jpeg,0.8281,False,11
1b6-5R2-1q1R4-2Kn4-8-4k2b-2R2P2-1Q4N1.jpeg,1.0,True,0
1B6-5rP1-1NK1n3-3n4-7p-3p4-3B3k-8.jpeg,0.9531,False,3
1b6-6k1-6N1-3q3R-P1b5-3K2pN-1b6-2qn4.jpeg,0.9688,False,2
1B6-6k1-7r-2P1q3-6b1-2q5-2K1Pp1r-N5bb.jpeg,0.875,False,8
1b6-6k1-8-8-1R6-n3K3-8-8.jpeg,0.9844,False,1
1b6-6kB-8-2r4n-2BP4-1B6-1K3P2-b7.jpeg,0.9688,False,2
1B6-6Nq-7P-1K1b2b1-5B2-4b3-R7-5k2.jpeg,0.5938,False,26
1B6-6p1-P7-8-8-q1Kp3n-7n-5k1q.jpeg,0.9219,False,5
1B6-6Q1-8-4R1K1-4bb2-2P2b2-7k-8.jpeg,0.9844,False,1
1b6-6r1-8-8-8-5k2-8-K2R4.jpeg,0.9844,False,1
1b6-6r1-b4B1R-K5b1-2B5-2b4p-1b2k1Q1-1N6.jpeg,0.9219,False,5
1B6-6r1-N4k1p-2B3Q1-1pn1PR2-b2R4-2P5-K7.jpeg,1.0,True,0
1b6-7k-3bb3-2N1K3-8-8-5r2-Rr1NQR2.jpeg,0.9688,False,2
1B6-7k-6p1-8-8-P1b5-8-b3K3.jpeg,0.9688,False,2
1b6-7P-6P1-8-1r2kB2-8-1K2p3-3R4.jpeg,0.9531,False,3
1b6-7p-8-1b3Q1p-4r3-7P-B4p2-K2k4.jpeg,0.9688,False,2
1B6-7p-8-8-1P3P2-3K4-3r4-4k3.jpeg,1.0,True,0
1b6-7r-1r4k1-2B3r1-1r2R3-r2r4-1P5B-1KN5.jpeg,0.8906,False,7
1b6-8-1b3kQ1-8-7R-4r3-4K3-8.jpeg,0.9688,False,2
1b6-8-1K1k2b1-8-1p6-8-8-8.jpeg,0.9375,False,4
1B6-8-1K1n2RB-4p3-b1k5-8-5np1-8.jpeg,1.0,True,0
1b6-8-1K6-p7-1k3b2-8-8-8.jpeg,0.9688,False,2
1b6-8-1Kn3b1-4npkN-8-7B-R7-6q1.jpeg,0.9219,False,5
1b6-8-1NN5-1K2r3-2p5-5k1R-4P1n1-8.jpeg,0.9531,False,3
1b6-8-1P6-1B6-2R5-4Nk2-3K4-4q3.jpeg,0.9688,False,2
1b6-8-1RR5-5R2-2B5-8-2K3k1-8.jpeg,0.9844,False,1
1b6-8-2K5-4b3-6B1-1n1k4-1bq1q3-2n5.jpeg,0.9531,False,3
1B6-8-2K5-7q-8-8-5r2-3k4.jpeg,0.9844,False,1
1B6-8-2k5-8-5pq1-2R2b2-K2B4-8.jpeg,0.9688,False,2
1b6-8-2P1kr2-3q4-6n1-K1p1b3-8-8.jpeg,0.8281,False,11
1B6-8-2P5-3B4-r4B2-1Pn3pk-P2K4-r7.jpeg,1.0,True,0
1b6-8-2P5-3n4-3bbnrk-3Q4-4Kp2-3rR3.jpeg,0.5938,False,26
1B6-8-2q3r1-Q7-P7-2pR4-2K1k3-1N6.jpeg,0.9375,False,4
1b6-8-2Q5-7N-5b2-4k3-1K6-2qN2r1.jpeg,0.9219,False,5
1B6-8-3k4-1r5p-2R5-2Rn1NB1-6nQ-2K5.jpeg,1.0,True,0
1B6-8-3K4-5k2-4p3-2n3B1-8-b1R5.jpeg,1.0,True,0
1b6-8-3nNN1k-Q4r2-1p1qn3-3n4-4Q1K1-1b6.jpeg,0.875,False,8
1b6-8-3P2PN-8-2b2b2-1K2k3-R2rNN1P-2bN4.jpeg,1.0,True,0
1b6-8-3p4-1K6-b2b1r2-3k4-8-R7.jpeg,0.9219,False,5
1B6-8-3P4-8-5r2-4pn2-8-2K2k2.jpeg,0.9219,False,5
1B6-8-3r2p1-8-n2b4-K1k5-B2B4-1br3Q1.jpeg,0.9219,False,5
1B6-8-3r4-1P4Q1-8-1q1P1k2-P3N1P1-1K2qrR1.jpeg,0.9688,False,2
1B6-8-4K3-1n2B2p-3r4-n7-2NB1P2-4k3.jpeg,0.9688,False,2
1b6-8-4k3-2K1R3-8-5r2-4bpp1-7R.jpeg,1.0,True,0
1B6-8-4p3-2p4q-2b4p-4K3-6k1-6R1.jpeg,0.9375,False,4
1B6-8-4r1p1-4k1p1-2N1p3-2P5-Kq2q3-2b3n1.jpeg,1.0,True,0
1B6-8-4r2n-2k5-2Q1q3-1KP5-4B3-8.jpeg,0.9844,False,1
1b6-8-5b2-1b6-1R4K1-1N4n1-6nk-8.jpeg,0.875,False,8
1b6-8-5p1p-3p2kP-3N4-1p2K3-8-3Q2R1.jpeg,0.9375,False,4
1B6-8-6K1-6n1-8-6k1-8-4q3.jpeg,1.0,True,0
1b6-8-7P-1K6-6N1-1N1p4-8-2k4R.jpeg,0.9062,False,6
1B6-8-7Q-4K1Q1-6p1-3p4-b1r5-7k.jpeg,1.0,True,0
1B6-8-7r-5R2-7k-3K4-5pp1-r7.jpeg,0.9219,False,5
1B6-8-8-1K1b4-3r4-6NP-2qN1k2-4B1Q1.jpeg,0.9531,False,3
1b6-8-8-1p6-5k2-2P5-2K5-8.jpeg,0.8594,False,9
1B6-8-8-2K5-8-1R1P4-1N2k3-3B2nr.jpeg,0.9375,False,4
1B6-8-8-2r1Nkn1-1K1B4-5b1P-5r2-4b3.jpeg,0.9375,False,4
1b6-8-8-5q2-K1Q5-1q3k2-7r-n7.jpeg,1.0,True,0
1B6-8-8-7k-1Q1K1B2-8-8-2b3b1.jpeg,1.0,True,0
1b6-8-8-7K-8-5Q2-1N5k-8.jpeg,0.8438,False,10
1B6-8-8-8-2B1q2q-3k4-K7-8.jpeg,0.8906,False,7
1b6-8-8-8-3RP3-8-K3q3-2k5.jpeg,1.0,True,0
1B6-8-8-8-4k3-Br6-2K5-N2R3Q.jpeg,0.9531,False,3
1b6-8-8-8-B7-8-K2k4-N7.jpeg,0.9375,False,4
1B6-8-8-p1K2n2-3br3-P7-2k5-5N1B.jpeg,0.5938,False,26
1b6-8-8-P5k1-4p3-4bq2-2KP2p1-4r3.jpeg,0.875,False,8
1B6-8-8-P5Q1-8-2K5-8-4k3.jpeg,1.0,True,0
1B6-8-8-pK6-8-5k2-8-2R5.jpeg,0.9375,False,4
1B6-8-8-r7-4kB2-5N2-2K5-3r4.jpeg,0.9688,False,2
1B6-8-b2r4-K1Q5-8-Rr2n2k-3R3N-bq3B2.jpeg,0.8438,False,10
1B6-8-K1P1nR2-8-P7-1k6-p5np-1b3Rb1.jpeg,0.875,False,8
1b6-8-K4Q2-2n3p1-7n-2B5-2p3k1-8.jpeg,1.0,True,0
1b6-8-K7-8-8-4pk2-6b1-8.jpeg,0.9844,False,1
1B6-8-P4kN1-5Q2-8-K3b3-2b5-R1b1n2R.jpeg,0.9844,False,1
1B6-8-R6k-8-PR3RBB-2N1K3-3RrB1R-8.jpeg,0.9688,False,2
1b6-b4b1n-4Rr2-2K5-2r5-2r5-3n2nP-2k5.jpeg,1.0,True,0
1b6-b6b-4r3-2p2B2-Q1p3k1-1Kp1Q2P-N3b3-8.jpeg,0.9062,False,6
1b6-b7-pN5n-4K3-P6n-8-7q-5k2.jpeg,0.9375,False,4
1B6-K4pr1-6k1-8-n1P5-4R3-2b1p2P-3R1n2.jpeg,1.0,True,0
1B6-K7-3PB3-8-R6k-1B3P2-3r4-R5B1.jpeg,1.0,True,0
1b6-K7-3Rk3-8-8-7b-2n4P-8.jpeg,1.0,True,0
1B6-K7-7b-B7-k2Q4-8-8-6R1.jpeg,1.0,True,0
1B6-K7-8-5b2-1k6-3p4-6r1-2B5.jpeg,0.9688,False,2
1b6-K7-8-8-8-3p1k2-r1R5-5n2.jpeg,1.0,True,0
1B6-K7-p1B5-8-1b3b2-8-5R2-b4k2.jpeg,0.9688,False,2
1b6-Kp2N1k1-P7-7p-8-2rB4-8-8.jpeg,0.9531,False,3
1B6-n1n3R1-8-1bq1b3-5K2-P3Q2k-4q1N1-5Q2.jpeg,0.9062,False,6
1b6-n2N4-3K4-8-p4p2-6kB-1p6-2B1r3.jpeg,0.9844,False,1
1b6-n4np1-1BK1P3-8-4Q3-2kb4-7b-nN1Q4.jpeg,0.9531,False,3
1B6-N4p2-6P1-1K6-2N5-Bk4p1-8-8.jpeg,0.9688,False,2
1B6-n7-1N6-3P4-3k4-6n1-1q6-1K6.jpeg,0.9688,False,2
1B6-n7-2p3k1-7B-5P2-1b2r3-1K5R-R5B1.jpeg,0.9062,False,6
1b6-N7-2r2N1k-2Rp2b1-5pK1-7p-8-R3r3.jpeg,0.9531,False,3
1b6-n7-6Q1-2B3B1-1n1B1P2-8-K1b5-4k3.jpeg,0.9688,False,2
1b6-N7-8-8-4K3-2p3n1-4k3-6Q1.jpeg,1.0,True,0
1B6-N7-p4pk1-4N2n-4P1p1-n7-4K3-1RqRr3.jpeg,0.9531,False,3
1B6-p1n2r2-8-7N-1Kp3p1-4b3-8-1q2k3.jpeg,0.9688,False,2
1B6-P1Pr4-B2Kp3-8-1B1P4-8-2r5-3k1NR1.jpeg,0.9844,False,1
1b6-p4P2-4R1Q1-6P1-8-1r5P-5kb1-1K6.jpeg,0.5938,False,26
1b6-p7-3K4-8-1n6-2R2N2-5B2-4bkr1.jpeg,0.8906,False,7
1b6-PbB4N-5n2-8-8-P3pkN1-7n-2K5.jpeg,0.9375,False,4
1B6-pR1NN3-4k3-7r-6B1-NK6-1R1b1nP1-8.jpeg,1.0,True,0
1b6-Prr5-4p3-B6p-8-7k-2K5-8.jpeg,0.9219,False,5
1B6-Q1P5-6B1-3R4-3K4-1r4R1-5r1R-4R1k1.jpeg,0.9219,False,5
1b6-q7-8-5p2-8-N1NKN3-1N6-6bk.jpeg,0.9688,False,2
1B6-R4b1p-1Q1n4-3Q1k1b-2N5-3K1R2-5b2-1n4B1.jpeg,0.9688,False,2
1BB1b2b-8-K2N4-3k4-8-1R4p1-8-5q2.jpeg,0.9531,False,3
1BB1N3-5nR1-p7-p3q3-1K4bn-8-3kR3-3n4.jpeg,1.0,True,0
1bb1qN2-3R3R-NK3P2-4PnR1-6k1-7n-5r2-8.jpeg,0.9531,False,3
1bB1RRQ1-K7-8-5r2-8-3r4-r7-3bkq1Q.jpeg,0.9688,False,2
1bB2Br1-3n1q2-Kr1R4-4R3-3k4-8-8-Q1NQQ3.jpeg,0.9844,False,1
1bb5-3p4-4r1B1-1B3R2-nK6-N7-1QN5-2bk3q.jpeg,0.9688,False,2
1bb5-4n1Rk-2B5-8-1K1nn3-2n5-6P1-2NN4.jpeg,1.0,True,0
1Bb5-4Q3-8-1R1R1k2-1p3p1N-8-P1NK1P2-6N1.jpeg,1.0,True,0
1bb5-7b-1P2R3-5k2-8-K7-7q-4Q1b1.jpeg,0.625,False,24
1BB5-8-1K6-6kb-8-B7-8-8.jpeg,0.9688,False,2
1BB5-8-8-8-7P-2K1Pk2-8-4B3.jpeg,0.9844,False,1
1bB5-q7-p2K4-R7-5Nb1-8-p3B3-2rBk2N.jpeg,0.875,False,8
1bBB4-1r6-3q3R-8-1K1r4-7n-1N2R3-2k5.jpeg,0.8906,False,7
1bBB4-3P4-8-5Pkb-2RK4-4P1n1-2R4p-4r3.jpeg,0.9844,False,1
1bbK4-4rB2-8-3N1bk1-8-2N1q3-8-1R6.jpeg,0.9531,False,3
1BbN2q1-P7-1K2k3-r6B-3r4-B7-2pB4-5R1b.jpeg,0.9688,False,2
1Bbn2R1-8-7q-4K3-1R6-3n4-5k1r-1n6.jpeg,0.9062,False,6
1bK1q3-3bR3-8-2b4P-8-6N1-5q1k-3nb3.jpeg,0.9531,False,3
1bK1r3-b7-1n6-2kp2b1-8-5B2-8-3N4.jpeg,0.9688,False,2
1bK2R2-2R5-8-5kN1-Nbq5-8-5n2-2b2qB1.jpeg,0.9219,False,5
1Bk3Q1-5p2-3p1p2-K7-8-8-8-2b5.jpeg,0.9688,False,2
1bk3r1-1Npp1bnb-2Q5-1Kp5-7B-5p2-3p4-8.jpeg,1.0,True,0
1bK4k-7r-8-8-8-8-8-1n6.jpeg,0.9531,False,3
1bK5-1p6-1Q4B1-6N1-3k2b1-3p4-8-8.jpeg,0.5938,False,26
1bK5-2b4n-1Q6-8-2R5-2k1P3-8-n7.jpeg,0.9375,False,4
1BK5-2b5-8-2r1k3-5b2-2B5-5r2-8.jpeg,0.9531,False,3
1Bk5-2b5-8-5PR1-QKN5-8-6R1-5Q2.jpeg,0.9844,False,1
1bk5-2Q2Q1N-B4Q2-1B1p4-1K6-1p6-N1N5-8.jpeg,0.9688,False,2
1BK5-8-1p1P4-8-7k-r3P3-8-8.jpeg,0.9688,False,2
1BK5-8-3pBk1N-8-3pP3-7Q-5N2-8.jpeg,1.0,True,0
1bK5-8-5k2-6R1-8-8-8-2nR4.jpeg,0.9375,False,4
1bK5-8-7R-8-4P2k-8-7p-8.jpeg,0.9844,False,1
1bK5-8-8-5b2-5p2-4k3-8-8.jpeg,1.0,True,0
1bK5-8-8-8-1P6-r2q1p2-3R1q2-qq1r3k.jpeg,0.8906,False,7
1bk5-KP6-4P3-1b2r2N-8-1R1P1R2-2N1R3-4qN2.jpeg,0.8125,False,12
1bk5-p7-1Qn5-K1R5-Q2b1P2-4Q2B-1n5r-8.jpeg,0.9219,False,5
1BK5-rp6-6R1-pQ1p4-r2k4-8-1n4NR-8.jpeg,0.9531,False,3
1BkQ4-1p1B3R-b7-5R2-2Rn4-P3B3-K7-6r1.jpeg,0.9844,False,1
1Bn1b1nk-1b6-R4K2-7r-2nB4-6P1-b7-8.jpeg,0.8594,False,9
1BN1bn2-K1n5-8-8-6k1-8-6n1-N7.jpeg,0.625,False,24
1bN1n3-3n2k1-3B4-6P1-N4B2-2R5-7N-4K3.jpeg,0.9688,False,2
1bn1N3-N4Kn1-7p-6kb-8-2Rp4-5n1Q-2Rb4.jpeg,0.9844,False,1
1Bn1R3-3P3k-3K3B-6B1-2R5-2p3P1-p2B4-6B1.jpeg,1.0,True,0
1BN2b2-1np5-q7-B7-8-4b3-1K4k1-RQ5R.jpeg,0.9688,False,2
1BN2k2-3p4-8-8-K7-8-b7-8.jpeg,1.0,True,0
1bn2Rk1-4n3-8-1N1B4-b3B3-1K1n4-8-8.jpeg,0.9844,False,1
1bn3Q1-KP5P-8-4N3-B2B4-n3p3-BN1n4-2k5.jpeg,0.9844,False,1
1bn3r1-6k1-1Q5b-5K2-b3r3-4P3-4R3-r4q2.jpeg,0.9688,False,2
1bn4b-q1K4R-rrN2n1p-8-5N2-7R-2b4k-8.jpeg,0.9531,False,3
1bn5-2k5-2p2p2-1K6-1N3b2-5P2-8-8.jpeg,1.0,True,0
1Bn5-3k4-4Q3-8-1K3R1B-8-2P2p1p-8.jpeg,1.0,True,0
1bN5-3K4-8-3nk1R1-6p1-1b5P-2b5-2r4N.jpeg,0.8594,False,9
1bn5-3N4-2K5-8-3k4-8-8-8.jpeg,0.9844,False,1
1bN5-4KR2-7b-6P1-5k2-1p1r4-4RNb1-1b2r3.jpeg,0.9375,False,4
1BN5-4R3-8-2k3b1-K7-1b5B-5P2-6b1.jpeg,0.9375,False,4
1bn5-5K2-7n-8-8-7N-5k2-4R3.jpeg,0.9844,False,1
1bn5-6p1-1Q1Q4-3RB3-8-2N4b-7B-4K1k1.jpeg,0.9531,False,3
1BN5-7k-1K4b1-1p1Q4-1NR5-1RP5-n6Q-3q4.jpeg,0.9531,False,3
1bn5-7k-4P3-5n2-2p5-2K1B1nq-7N-R7.jpeg,0.9844,False,1
1BN5-8-8-2N5-1p6-7k-1Kb5-2N1Bb2.jpeg,1.0,True,0
1BNB4-p3R2k-8-2K3p1-5q2-7B-8-8.jpeg,1.0,True,0
1bNk3q-3q2rb-5p1q-8-5r2-2P5-4b3-1K6.jpeg,0.9531,False,3
1BNr3n-3p4-2b5-8-1K3b2-P2brQ2-N3k3-4R3.jpeg,1.0,True,0
1Bq2q2-5P2-8-6K1-8-8-7k-8.jpeg,0.9531,False,3
1Bq4B-8-8-7k-q7-6K1-5bP1-q1R1b3.jpeg,0.9844,False,1
1BQ5-1B5k-2P1Q1n1-5P2-4K3-2P1n3-7Q-2R5.jpeg,1.0,True,0
1bq5-2Q5-3N4-2K5-8-5k2-4b3-8.jpeg,0.9531,False,3
1Bq5-3B4-2K1r3-1BR4p-3b2k1-b7-8-R1B5.jpeg,0.9688,False,2
1Bq5-4k3-3r1b2-K7-5P2-2r4B-N6N-N5N1.jpeg,0.6562,False,22
1bQ5-8-8-8-1K6-r2n4-4RB1P-B3kb2.jpeg,0.9062,False,6
1bQ5-8-Q1P5-Q2K4-2N5-1B5k-8-7N.jpeg,0.9375,False,4
1bq5-8-R7-7k-N1R2P1r-2B3P1-3K4-5Q2.jpeg,0.9219,False,5
1Bq5-q1qk2N1-8-K7-n1pQ4-8-8-4N3.jpeg,0.9688,False,2
1bqK2b1-r4k2-8-8-8-8-8-8.jpeg,0.9844,False,1
1bR1BQ2-1N2nR1q-8-3B1b2-8-3P4-1K3q1k-8.jpeg,0.9062,False,6
1br1K3-R7-4P3-8-6k1-8-8-8.jpeg,0.9844,False,1
1br1Q2k-2r4p-8-8-3K4-1q6-1n2Pp2-3bNr2.jpeg,0.875,False,8
1bR2b2-8-5k2-5N2-8-4r3-2Q1K2P-4n1n1.jpeg,1.0,True,0
1br2K2-2b5-5n2-1bP1R3-4B2k-N7-8-8.jpeg,0.8906,False,7
1BR2q2-3p1Q2-1RK1P3-pr6-Bn6-8-6q1-3k1r2.jpeg,0.9844,False,1
1br3bq-4K3-8-8-B5k1-rr6-1p6-B1R2r2.jpeg,0.8906,False,7
1BR3NR-3b1p2-8-4P3-4K1k1-2N3N1-3nB3-2B1N3.jpeg,1.0,True,0
1Br4k-1P5b-B1b4Q-6K1-1p6-2P5-4B3-7r.jpeg,0.9219,False,5
1BR4N-3P3n-1r6-1K1n3p-2P5-4R2N-8-3n1k1Q.jpeg,1.0,True,0
1BR4n-5P2-6B1-3N4-1p1nK3-2N1b3-5k1P-7R.jpeg,1.0,True,0
1Br4q-6P1-3k4-8-4PB2-q4r2-2r3NB-1K1R1N2.jpeg,0.9688,False,2
1bR5-3K4-7B-8-2b4k-rn6-2n5-3R2R1.jpeg,0.9844,False,1
1bR5-3qK3-p7-1n6-8-2R1b3-1N2R3-6k1.jpeg,0.9844,False,1
1Br5-5k2-6P1-1R5p-8-8-1bK5-n7.jpeg,0.9844,False,1
1BR5-8-1R5k-7r-8-4nK1p-1p6-Q6Q.jpeg,0.9844,False,1
1bR5-8-7k-8-1NKn4-8-P2B4-8.jpeg,1.0,True,0
1bR5-R2BqN2-1q1b2n1-8-1K6-8-3k2B1-4rbr1.jpeg,0.9531,False,3
1BRN1N2-2r5-2P5-4nP2-3pR2N-8-5r2-2KB1k2.jpeg,0.875,False,8
1bRR4-1n6-7b-5b2-B5P1-p3b3-5Kpk-7r.jpeg,0.9375,False,4
1K1B1r2-8-1P6-6P1-1r4P1-2nr4-1k6-7b.jpeg,0.875,False,8
1K1B2B1-2N5-5R2-8-5k2-8-8-8.jpeg,0.9844,False,1
1K1b2k1-8-5p2-q7-5Nn1-2p5-8-8.jpeg,0.9844,False,1
1K1B4-1B5b-8-8-7P-7P-5k2-3b3R.jpeg,1.0,True,0
1k1b4-1B6-8-8-3p4-K7-5N2-8.jpeg,0.9688,False,2
1K1b4-1PB4b-8-r7-6n1-2P3B1-2k5-2R5.jpeg,0.9062,False,6
1K1b4-2r3n1-8-8-r7-7k-8-8.jpeg,1.0,True,0
1K1B4-5kR1-8-8-6RP-1R6-p2RpB2-2r5.jpeg,1.0,True,0
1K1b4-B7-8-p1b5-2n3nk-8-2Pn4-8.jpeg,0.9844,False,1
1K1B4-n1r1N1n1-BP6-4Rpbp-2b2b2-8-7k-8.jpeg,1.0,True,0
1K1Bkn2-4rbq1-8-1N3B2-5Q2-1b6-1p1Q4-b7.jpeg,0.9688,False,2
1K1bn3-1rN5-5R2-2kpq3-6P1-N7-P7-3Q4.jpeg,0.9844,False,1
1K1bN3-2B2r1p-6Q1-2N5-2n5-8-4pk2-8.jpeg,0.9375,False,4
1K1bnN2-8-1r6-1P2B3-8-5k1n-6P1-1R3N2.jpeg,0.9688,False,2
1K1bQ3-7B-8-8-6k1-8-8-8.jpeg,0.9844,False,1
1K1k1b2-6Q1-8-4b3-8-2p5-8-5q2.jpeg,0.9844,False,1
1K1k3r-6b1-3P4-3Q2r1-8-8-Q7-6b1.jpeg,0.8438,False,10
1K1k4-2N1P3-7P-1B6-2n5-3n2r1-3p1r2-3B3q.jpeg,1.0,True,0
1K1k4-2Q5-6q1-8-3n4-7P-5P2-1N6.jpeg,0.9688,False,2
1K1k4-6n1-8-8-1B5q-2B2b2-q1n3RP-7r.jpeg,0.8906,False,7
1K1k4-8-8-b7-4R3-8-1q6-8.jpeg,0.875,False,8
1K1k4-8-b7-1R1R4-8-8-2P5-8.jpeg,0.9844,False,1
1K1n2r1-8-6p1-1P2k3-2p5-8-3Pppp1-3b4.jpeg,0.9375,False,4
1K1n3R-8-1k5P-8-1Nr5-8-8-1b6.jpeg,0.875,False,8
1K1n4-2b5-4pN2-2kb1BP1-4P3-3n4-4nN1B-5N2.jpeg,0.9531,False,3
1K1n4-2p2nb1-2R5-8-2bn4-2n4Q-1R6-1k5Q.jpeg,0.9531,False,3
1K1n4-2p5-5R1n-6b1-3r2B1-r2p4-B6k-2Q5.jpeg,0.9844,False,1
1K1n4-4kB2-3b1Qb1-P6p-1r6-1b6-2q4q-6R1.jpeg,0.9219,False,5
1K1n4-5p2-8-Pp6-5k2-1Pr5-1B6-2R5.jpeg,0.9688,False,2
1K1N4-7p-1R6-3PNP2-4k2Q-3r2R1-2P2b2-3nQ3.jpeg,1.0,True,0
1k1N4-8-2n5-K7-8-p7-3Q4-4n2N.jpeg,0.9688,False,2
1K1N4-8-3R4-4nQ2-2B3r1-4R1n1-8-2R1rk2.jpeg,1.0,True,0
1K1N4-8-8-2b1Qk1p-8-8-8-2r5.jpeg,0.9688,False,2
1K1n4-8-8-8-4kP2-8-8-7B.jpeg,0.9844,False,1
1K1nn3-2p5-R7-1k3r2-1p3Q2-5NP1-8-1b4Br.jpeg,0.625,False,24
1k1nN3-4R3-6N1-8-N1N2n2-8-7p-KB6.jpeg,0.9688,False,2
1K1nQ3-2p5-4n3-8-r1P3N1-Bkrn4-4b2q-4b3.jpeg,0.9688,False,2
1K1Q1k2-7P-8-8-6P1-6P1-8-B3Q3.jpeg,0.9688,False,2
1K1q1k2-8-8-8-8-4Q3-8-B7.jpeg,1.0,True,0
1k1Q2BR-1b6-8-1B2p3-1P3r1R-8-7p-K3Q1B1.jpeg,0.6562,False,22
1k1q3r-3P2P1-3R2B1-3R2Np-KN4n1-q3N3-8-8.jpeg,0.9062,False,6
1K1q4-2B1B1B1-5R2-bb1R1q2-8-8-1k4p1-B1Q4R.jpeg,0.9062,False,6
1K1Q4-5p2-6B1-8-2b2N2-2r4k-8-2qb1r2.jpeg,0.9688,False,2
1K1Q4-8-3B2k1-8-2r5-8-1B4b1-1N6.jpeg,0.9062,False,6
1K1q4-8-4P1r1-8-R1k5-P2p4-4pR2-6r1.jpeg,0.9688,False,2
1K1q4-8-4R3-1q2p2k-P5P1-1r1Qn2P-6Q1-8.jpeg,1.0,True,0
1k1Qb3-8-Kp2b3-8-3b2P1-6B1-4n3-3r4.jpeg,0.9844,False,1
1K1r1B1R-1p6-2Q3k1-2B2p2-8-1Q1q4-8-3R1N2.jpeg,1.0,True,0
1K1R1N2-1B6-4pQ2-1k3n2-5b1n-1P5R-1q6-1n5B.jpeg,0.875,False,8
1K1r1r2-8-8-1q6-8-8-N3bk2-8.jpeg,1.0,True,0
1K1r1Rk1-3P1b2-8-7n-2b5-8-Q1Rp4-8.jpeg,0.9219,False,5
1K1r3b-8-5b2-8-6b1-2p5-2P3kn-1n1b4.jpeg,0.9531,False,3
1k1r4-1n4q1-P7-K7-6P1-8-8-8.jpeg,1.0,True,0
1K1r4-5P2-b3kR2-3R4-3b4-6n1-R6R-3R4.jpeg,0.9688,False,2
1K1R4-8-1k6-8-2PQ4-8-8-2B5.jpeg,0.9844,False,1
1K1R4-8-6P1-4P2k-2B5-2N3n1-5R2-2Qq4.jpeg,0.9688,False,2
1K1R4-8-8-6k1-8-8-8-1B2r3.jpeg,0.9844,False,1
1K1r4-8-NP6-1k4Q1-8-8-8-8.jpeg,1.0,True,0
1K1r4-8-P7-b7-8-3b1k2-p4B2-8.jpeg,0.9688,False,2
1K1R4-P2b4-2Q5-B1q5-7k-3R1b2-n6n-2nr4.jpeg,0.9844,False,1
1K1r4-Q4q2-8-P7-8-8-2p3Rk-2b5.jpeg,0.9844,False,1
1K2b1rN-r2k4-3N2P1-1B2p3-8-5P1n-4n3-3b3N.jpeg,1.0,True,0
1K2B2R-4N3-8-p3p3-2q1n2R-6R1-2kQb2b-8.jpeg,0.9844,False,1
1K2B2R-bP6-8-2k5-N6p-2b4B-P2P4-8.jpeg,1.0,True,0
1K2b3-4b3-1B1P2R1-8-5P2-2Q1p2N-5B2-3N1Rk1.jpeg,0.9375,False,4
1K2b3-4p3-5Pp1-3k1P2-r2b4-R1r5-1P6-1q5N.jpeg,0.9844,False,1
1k2B3-6B1-KqbP4-8-P7-1r2n3-8-7Q.jpeg,1.0,True,0
1K2b3-7Q-1nr5-6r1-2np2P1-2NrP3-1Q6-1k6.jpeg,0.9531,False,3
1K2b3-8-3R1k2-6p1-6N1-P1P5-7B-3N4.jpeg,0.9531,False,3
1K2b3-8-8-4B2r-8-4b3-8-4B2k.jpeg,0.9531,False,3
1K2b3-8-n6p-6qb-1r4p1-b2k4-3p4-8.jpeg,0.9688,False,2
1K2Bb2-3b1p2-1q4N1-6N1-3P4-7k-8-1q6.jpeg,0.8906,False,7
1K2bk2-6N1-1r2R3-nP6-b7-3Q4-2B5-N4n2.jpeg,0.9062,False,6
1K2bQ2-1N3N2-2p5-4n3-1n6-8-2kN4-5rB1.jpeg,0.9531,False,3
1K2bR2-2n4p-1r6-1B1P1r2-8-6P1-4k1Q1-5N2.jpeg,0.9688,False,2
1K2br2-8-1b6-8-p7-2bp4-8-3B1k1B.jpeg,0.9531,False,3
1K2k2R-8-7p-3N4-2p5-n3N2N-2r2R2-2NB1r2.jpeg,0.8281,False,11
1K2k3-2q5-8-8-8-1N5B-8-3R4.jpeg,0.8594,False,9
1K2k3-3R4-6n1-8-8-8-8-1R6.jpeg,1.0,True,0
1K2k3-7b-5B2-5P2-8-8-3R4-2n2N2.jpeg,0.8438,False,10
1K2k3-n5P1-1R6-8-1Q6-8-7n-1n5N.jpeg,0.6094,False,25
1K2k3-r7-8-8-2R2r2-8-5p2-8.jpeg,0.9531,False,3
1K2n2k-8-1N6-1n2R3-8-n4r2-R7-8.jpeg,0.9844,False,1
1K2N2R-6k1-7n-8-8-8-8-3R3r.jpeg,1.0,True,0
1K2n3-3p4-8-1Q4P1-3q4-8-7k-7N.jpeg,1.0,True,0
1K2n3-4R3-8-1P2r3-N3B3-2P5-1p1R4-1nk5.jpeg,1.0,True,0
1K2N3-5R1N-4kn2-P1n3r1-8-b3n1n1-2BR4-8.jpeg,0.9531,False,3
1K2N3-8-3k4-8-N6B-3NR3-1pb1R3-3R4.jpeg,0.875,False,8
1K2n3-8-5r2-8-5n2-2k5-1b6-r2B4.jpeg,0.9688,False,2
1K2N3-8-nrk5-8-8-8-r7-8.jpeg,1.0,True,0
1K2nR1r-PP6-8-1pR1r3-P4q2-4k3-8-3bQ3.jpeg,0.9688,False,2
1K2Q1k1-8-8-8-7P-8-1b6-8.jpeg,0.9844,False,1
1K2Q1N1-1b6-8-8-8-8-Rn2k2b-r5N1.jpeg,0.9375,False,4
1K2Q3-5p1n-1k6-n2b4-2B4n-1N3Q2-7R-1n2B1b1.jpeg,1.0,True,0
1K2Q3-7R-3r4-1N1R1P2-7P-7r-7k-5Qn1.jpeg,0.9844,False,1
1K2Q3-8-6PB-1P4k1-8-7P-8-r1N5.jpeg,0.6094,False,25
1K2Q3-8-7B-8-1q6-2P2k1p-5r2-1n3B2.jpeg,1.0,True,0
1K2Q3-8-8-4n2k-8-1b6-6R1-8.jpeg,0.9688,False,2
1K2Q3-8-8-4N3-5k2-2NN2rN-2r3n1-2r2R2.jpeg,1.0,True,0
1K2q3-b1b5-3NN3-3P4-3p4-8-5Q2-5Qk1.jpeg,0.8906,False,7
1K2Qk2-5n2-8-1n3n2-2p5-8-8-8.jpeg,0.9844,False,1
1K2qN2-p3P1P1-2Q5-2kP4-1r2N1p1-5n2-7N-r7.jpeg,1.0,True,0
1K2qR2-3N2b1-8-3P1P2-7k-1p6-6n1-8.jpeg,0.9531,False,3
1K2r1Br-2p5-3q3n-4R1n1-8-B7-B6k-3r3b.jpeg,0.9375,False,4
1K2R2B-8-8-2P1k3-8-1R6-5N2-6R1.jpeg,1.0,True,0
1k2R2B-8-K6Q-8-8-8-q6p-8.jpeg,1.0,True,0
1K2R2n-3q4-1b3p2-2b5-8-1q2n3-8-6k1.jpeg,0.8906,False,7
1K2R2q-8-p2R2B1-8-1rP3kb-N1p2n2-3n4-5r2.jpeg,0.9688,False,2
1K2R3-4p1r1-8-8-2R3Q1-PR6-5k2-8.jpeg,1.0,True,0
1K2R3-6P1-7Q-2b5-8-8-2Rk1p2-6bq.jpeg,0.9531,False,3
1K2R3-7k-2PP4-8-7B-1N6-8-8.jpeg,0.9688,False,2
1K2R3-8-3r2Q1-2qQ2P1-2k5-5P2-5n2-1R6.jpeg,0.9844,False,1
1K2R3-8-7N-7k-8-8-8-3b4.jpeg,1.0,True,0
1K2r3-N7-4R2p-4Q3-6k1-4pR2-4B1q1-n7.jpeg,0.9688,False,2
1K2rq2-5P2-2B3p1-3P2P1-8-3p1B2-r3P3-R5k1.jpeg,0.9844,False,1
1K2rQr1-3P4-5r2-1p6-p6p-1P1k4-8-1Rr5.jpeg,0.9062,False,6
1K2rR2-3k2r1-4n2N-4R3-8-3Q3Q-8-3B2n1.jpeg,0.9375,False,4
1k3B1r-5R1R-8-5P2-bq6-K2p4-4R3-4b3.jpeg,0.9531,False,3
1k3B2-1Pn1pB2-K6P-r7-q5Nr-6qB-8-8.jpeg,0.9688,False,2
1k3B2-1q1b1B2-K7-PR2np2-8-8-4p1R1-3B4.jpeg,0.875,False,8
1K3B2-2N5-6n1-8-8-8-1P5k-8.jpeg,1.0,True,0
1K3b2-2P5-5R2-7P-4Rk2-8-3Q2P1-6B1.jpeg,0.9844,False,1
1k3b2-2r5-7B-K7-8-8-r4N2-3NbQ2.jpeg,1.0,True,0
1K3B2-5b1R-p5qp-p7-8-2R4n-1k6-3r4.jpeg,0.9688,False,2
1k3b2-5p2-6pr-B5n1-2b5-8-K7-8.jpeg,0.9062,False,6
1K3B2-7P-4N3-8-2k5-1B6-1n1B4-8.jpeg,0.9844,False,1
1K3B2-8-5k1P-6B1-8-8-8-r7.jpeg,1.0,True,0
1K3B2-8-7p-8-2Q3k1-8-1p4q1-8.jpeg,0.9375,False,4
1K3b2-8-8-3k4-8-1R6-3P1r2-8.jpeg,1.0,True,0
1K3B2-8-8-8-1n6-2k5-1P1r4-7N.jpeg,1.0,True,0
1K3bb1-8-6B1-3N4-4k3-8-1N6-2B5.jpeg,0.9844,False,1
1K3br1-b7-2k5-2N5-N1b5-3P1b2-b1N5-5N2.jpeg,1.0,True,0
1K3k1B-1p6-p7-rq6-1P6-8-7N-n1Bq4.jpeg,1.0,True,0
1K3k1r-n7-8-8-2p2n2-8-4QNN1-3N4.jpeg,0.9844,False,1
1K3k2-2Bb3N-8-6Q1-6p1-8-5P2-6N1.jpeg,0.9531,False,3
1K3k2-5p2-8-2R5-3b2R1-1Q3b2-8-8.jpeg,0.9531,False,3
1K3k2-8-8-5P2-5R2-8-6BB-7n.jpeg,0.9844,False,1
1k3N1B-1p2b3-8-8-8-2rb2Q1-8-K2R4.jpeg,0.9844,False,1
1K3N1n-7n-1p6-2Q2B2-1r4P1-8-4qk2-8.jpeg,0.9219,False,5
1K3n1r-8-1p5r-3pN1P1-p2B4-1P4n1-6k1-r4R2.jpeg,1.0,True,0
1k3N2-3P3b-q3n2n-K5p1-1p6-8-8-8.jpeg,0.9531,False,3
1K3N2-4k3-8-8-8-3P4-8-1B2R2B.jpeg,0.5469,False,29
1K3n2-5kN1-5p2-8-3q4-qP2b3-n4NB1-8.jpeg,0.9375,False,4
1K3N2-5P2-nk2r3-b7-3P4-5q2-3P4-8.jpeg,0.9375,False,4
1k3N2-5Q2-K6B-3n4-8-8-8-5Q2.jpeg,0.9219,False,5
1K3N2-7R-3B4-3b4-1br5-5b1N-Br5B-7k.jpeg,0.9219,False,5
1K3N2-8-1B1k4-8-1B4b1-8-5Q2-6b1.jpeg,0.8906,False,7
1K3N2-8-3n4-8-6B1-4k3-1b6-3R4.jpeg,0.9844,False,1
1K3n2-8-8-1pNq4-Nr3n2-2r4B-1N5k-8.jpeg,0.9219,False,5
1K3N2-8-8-3QB1k1-N7-2N2p2-5p2-3Q4.jpeg,0.9531,False,3
1K3n2-N7-5RBQ-1r1p4-4k3-5B2-8-3B2r1.jpeg,0.9844,False,1
1k3N2-q6n-8-K3N3-N1B5-Rb1N3b-3B4-5B2.jpeg,1.0,True,0
1K3n2-r1p5-r3p3-7p-4n3-7Q-1N6-4k3.jpeg,1.0,True,0
1k3Q2-2r5-8-K4Q2-6p1-1p6-8-6n1.jpeg,1.0,True,0
1k3q2-5R2-8-5PN1-5N2-Kq5r-4Q1R1-3r4.jpeg,0.9531,False,3
1K3q2-6R1-2p2bb1-b7-P5bR-8-1n6-2k1N3.jpeg,1.0,True,0
1K3q2-8-4q2Q-8-3k1N2-5P2-2P3B1-8.jpeg,0.9844,False,1
1k3q2-8-K7-1r3p2-2p5-1b6-8-8.jpeg,0.9375,False,4
1K3qB1-1b1p2k1-P1B5-3Q4-2p3B1-5P1p-8-8.jpeg,1.0,True,0
1K3r1n-8-3b4-p7-1r2p3-1kP5-R3B3-8.jpeg,0.9375,False,4
1K3R1n-8-3r1k2-8-4P2P-3q1RB1-8-8.jpeg,0.9531,False,3
1K3R1N-n1N5-3r3q-3b1p1R-8-6p1-5RR1-bk6.jpeg,0.9062,False,6
1K3r2-2R3N1-Rn1P2b1-1n2r3-8-7p-1k2Q3-3N3R.jpeg,0.9062,False,6
1K3r2-3Q4-8-7p-7k-1n6-8-8.jpeg,1.0,True,0
1K3R2-6b1-4b2P-nP5n-8-5n2-3r1pRk-r1B5.jpeg,0.9844,False,1
1K3R2-6NB-B1k5-8-3b4-8-P1bPn1p1-7N.jpeg,0.9844,False,1
1K3r2-8-6Rk-8-3br3-2Q1r3-8-n4bQ1.jpeg,0.875,False,8
1k3r2-n7-K3Q3-8-2Q5-3p2B1-8-6N1.jpeg,0.9844,False,1
1K3RB1-1Pr2p2-5p2-b4k2-1Q1n1rp1-2n5-8-6N1.jpeg,0.9531,False,3
1K3rn1-8-r7-8-N2r4-7P-3n2B1-2kB1n2.jpeg,0.9062,False,6
1K3rq1-8-3r4-5p2-3p4-8-3nk3-1R2R3.jpeg,0.9531,False,3
1K4b1-1N2kp2-N7-2P2q2-8-3p3Q-8-8.jpeg,0.9688,False,2
1K4b1-3k4-5R1r-3P4-8-8-8-4r3.jpeg,0.8438,False,10
1K4b1-3q4-6p1-8-b3P3-2P5-4Bk1P-1R6.jpeg,0.9688,False,2
1K4b1-3qRp2-1R1k4-5P2-8-8-5N2-8.jpeg,1.0,True,0
1k4B1-6P1-8-Kp6-2r5-6R1-1rb5-1b5N.jpeg,0.9844,False,1
1K4B1-8-P7-8-8-r1p5-8-5k2.jpeg,0.8906,False,7
1K4b1-b5N1-6r1-2nNB1b1-8-8-4kPb1-Nq1r4.jpeg,0.8125,False,12
1K4B1-p7-1b5q-4Q3-1n6-8-3Q4-1k1N4.jpeg,0.9844,False,1
1K4bk-2B5-8-7p-1n6-2b5-5p2-2q5.jpeg,1.0,True,0
1K4Bn-1N3P2-1P6-2rP2n1-7P-2p5-6k1-2Q2R1N.jpeg,1.0,True,0
1K4Br-1P1k1r2-r7-8-r2pRB2-7p-1r6-3b4.jpeg,0.9844,False,1
1K4k1-1Rb1R3-2b3N1-8-6q1-b3r3-n5Qp-4n3.jpeg,0.9844,False,1
1K4k1-2p5-6N1-P7-1R6-7R-1pP5-8.jpeg,0.9375,False,4
1K4k1-8-1Q1rBq2-1n6-1N6-B7-2b5-8.jpeg,0.9531,False,3
1K4k1-8-8-4n3-3q4-2q5-8-1N6.jpeg,0.9844,False,1
1K4kN-r4PP1-8-8-nB6-7N-4q3-8.jpeg,1.0,True,0
1K4n1-3p4-1p3P2-R2q2k1-7q-1P6-N7-1Bq5.jpeg,0.9688,False,2
1K4N1-8-1q6-3b4-1b6-1Nr1p1b1-5B1B-4Rk2.jpeg,0.9531,False,3
1K4n1-8-4Pn2-q4Bk1-4p3-6N1-1B5p-3q1nb1.jpeg,0.9688,False,2
1K4N1-n2P3P-p7-r4k2-5P1Q-4Rr2-8-1B4b1.jpeg,1.0,True,0
1K4N1-P5pp-2nk4-5R2-6q1-8-4n3-7n.jpeg,0.9688,False,2
1K4N1-Q4P2-5Q2-1p6-3NN1n1-3B4-5k1Q-8.jpeg,0.9531,False,3
1k4Nn-6p1-2B3qp-5p1N-2N5-n4p2-K5B1-8.jpeg,0.8906,False,7
1K4q1-1q2n3-2P5-8-6p1-4k1RN-6n1-3r4.jpeg,1.0,True,0
1K4Q1-2b5-8-2p4N-5b2-1k5n-8-1B3n2.jpeg,0.9219,False,5
1k4q1-4R1B1-4N3-2NP4-K7-1b3pB1-8-3b4.jpeg,0.6094,False,25
1K4Q1-5B1k-8-1pR2r2-8-8-8-5rN1.jpeg,0.9375,False,4
1K4q1-8-1k3BN1-8-8-PQ6-7B-5rQ1.jpeg,1.0,True,0
1K4Q1-q7-1B2k1QQ-8-8-8-5b1r-2n1nn2.jpeg,0.9531,False,3
1K4Qb-1p3P2-1PQ4P-3k4-1pB5-b7-5Q2-8.jpeg,0.9531,False,3
1K4r1-1n6-4n3-4k3-5RN1-3N4-r3Rn2-3r2n1.jpeg,0.9219,False,5
1K4R1-3n2b1-3k2b1-8-5p2-3r2RB-p1r5-R7.jpeg,0.9844,False,1
1K4R1-3p4-8-8-q7-1k6-8-7B.jpeg,0.9844,False,1
1K4r1-3rb1p1-3B1N2-8-3N1k2-1P6-2p1N3-2r2R2.jpeg,0.9844,False,1
1K4R1-4n3-1pn5-7r-6Nk-q7-8-r7.jpeg,0.875,False,8
1K4r1-5N2-7b-4q2k-8-8-B7-5n1b.jpeg,0.9531,False,3
1K4R1-8-4R3-4RB2-8-5PP1-8-1B1k4.jpeg,1.0,True,0
1K4R1-8-8-2P5-R3n3-r1k5-7p-1BB1r1R1.jpeg,0.9844,False,1
1K4R1-P5Q1-2r4p-2N5-7k-2pNP3-8-1r2r3.jpeg,1.0,True,0
1K4R1-p7-3P4-2k5-b2P3n-6P1-5p2-8.jpeg,1.0,True,0
1K4RB-5k2-n2p1N2-6RN-8-8-8-3R4.jpeg,1.0,True,0
1K5B-2P4R-3p4-1P5q-8-4kR1n-2b5-N1rq2B1.jpeg,0.9062,False,6
1K5B-2QN1k2-8-Q7-4R1b1-5P1p-7p-B4n2.jpeg,0.9219,False,5
1K5b-3k4-7p-1R2P3-5q2-2pRb3-4P1B1-2b2BN1.jpeg,1.0,True,0
1k5B-4R3-5n2-K5P1-2rpp1P1-3p1B2-1B1N4-5N2.jpeg,0.9844,False,1
1K5b-5P2-3N1N2-8-pkN1b3-8-3r1B1P-3R1nB1.jpeg,1.0,True,0
1K5b-6N1-8-8-q1k5-3P4-1r2PN2-1r6.jpeg,0.9844,False,1
1K5b-8-2kN2R1-8-2n5-4R1B1-4p2p-4r3.jpeg,0.9688,False,2
1K5B-8-2N5-8-2k3B1-6R1-6NN-r1R3q1.jpeg,0.9219,False,5
1K5B-8-4r3-1p6-4k3-3N4-1B1p4-8.jpeg,0.875,False,8
1K5k-6R1-2p4n-8-4R3-1P4R1-2q5-n6b.jpeg,0.9688,False,2
1K5k-8-6R1-2q1r3-N1N2Q1q-1P6-3P4-8.jpeg,0.9062,False,6
1K5k-8-7q-P7-3P4-2B3n1-8-6r1.jpeg,0.9844,False,1
1K5k-8-8-3P4-2Q5-7P-8-8.jpeg,0.9844,False,1
1K5k-Q4r2-8-4P3-2p5-3R3B-4R3-8.jpeg,0.9844,False,1
1K5N-2p1B3-4p3-3B1kb1-3p2b1-4n3-2NN3p-n7.jpeg,1.0,True,0
1K5n-3N2rN-B1b4N-b5k1-4qB2-8-p7-Rb6.jpeg,0.9531,False,3
1K5N-4n3-2k5-Q1B5-2p2R2-7N-8-7r.jpeg,1.0,True,0
1K5n-5k2-4R3-2B5-7n-5N2-3bP3-1Br4B.jpeg,0.875,False,8
1K5n-P7-8-5k2-7b-8-8-3B4.jpeg,0.9375,False,4
1K5N-Pr1b4-4r3-8-2N5-1Q1k4-8-R7.jpeg,1.0,True,0
1K5Q-1p6-3b4-8-8-8-8-2k5.jpeg,0.8594,False,9
1K5q-7k-7p-8-1qr5-8-8-7n.jpeg,1.0,True,0
1K5q-8-4k2Q-1Np2b2-1R3b2-3r4-2nr4-1N5R.jpeg,0.9219,False,5
1K5q-q7-2q2B2-2n2q2-2nn1p2-3Bk3-8-6bR.jpeg,0.9688,False,2
1K5r-1p2N3-8-8-7B-R7-8-4NB1k.jpeg,1.0,True,0
1K5r-1P6-8-8-3k4-6r1-2N5-6B1.jpeg,0.9688,False,2
1K5r-3k3P-8-1r6-6b1-8-8-8.jpeg,0.9219,False,5
1K5r-4n3-2k5-1b1n1Q1N-3b1N1P-q7-2P5-4r3.jpeg,0.6094,False,25
1k5R-8-3b1n2-2Q3n1-1P1R4-K7-8-4RR2.jpeg,0.9844,False,1
1K5r-8-3pR3-2kP4-2P5-1P6-7P-8.jpeg,0.9531,False,3
1K5R-8-8-4k3-8-5B2-2B5-8.jpeg,0.9375,False,4
1K5r-8-n6b-6P1-3r4-2k1r3-8-7b.jpeg,0.9062,False,6
1k6-1b1R4-P7-2P5-8-3N4-8-K7.jpeg,0.9844,False,1
1K6-1b6-6r1-1k6-N7-8-b1n5-8.jpeg,0.9375,False,4
1K6-1BQ3B1-6k1-3Bn2p-3pr3-3B4-6n1-b1QR4.jpeg,0.9219,False,5
1K6-1n1p4-8-4rkQ1-8-1N1p4-8-8.jpeg,1.0,True,0
1K6-1n1Q2q1-3kP2n-5N1N-8-1p6-b4N2-8.jpeg,0.9688,False,2
1k6-1N3qrR-8-1P5P-1b6-K2pN2R-6q1-3n4.jpeg,0.9531,False,3
1K6-1N6-3b4-p3Pk2-5R2-p2P1Bb1-b6r-3BB3.jpeg,0.9688,False,2
1K6-1P3P2-3k4-3Q4-8-p7-8-8.jpeg,0.9688,False,2
1K6-1P3P2-8-3k4-1N6-3p4-8-8.jpeg,1.0,True,0
1K6-1P4P1-3BbB2-8-6k1-2P4r-1r4Q1-1R6.jpeg,0.9219,False,5
1K6-1P4r1-3rn2Q-2P5-8-7k-4Rr2-8.jpeg,0.9844,False,1
1K6-1p5n-8-pQ1k4-8-8-P3Q3-8.jpeg,1.0,True,0
1K6-1p6-1P6-4k3-8-5q2-8-8.jpeg,1.0,True,0
1K6-1P6-7P-1P2B3-b4p2-3kn3-8-5r2.jpeg,0.9688,False,2
1k6-1P6-K7-4n3-q7-4q3-3P3Q-5nR1.jpeg,0.9688,False,2
1K6-1q5N-1k6-1N4p1-5q1b-8-8-8.jpeg,0.9531,False,3
1K6-1R4B1-8-2B5-6k1-4n3-6P1-7B.jpeg,0.9531,False,3
1k6-1R4b1-r1R5-b2p1b1b-K5Bb-5b2-3r2N1-8.jpeg,0.875,False,8
1K6-1r4q1-4k1p1-7N-8-2P5-R1p2N2-5b1B.jpeg,0.5781,False,27
1K6-1R6-1n1R3q-8-R3P2b-1B2b2r-1k5R-4R3.jpeg,1.0,True,0
1K6-1R6-6r1-8-1N6-7k-8-6n1.jpeg,1.0,True,0
1K6-1r6-P7-1B2k3-pBP5-8-6bQ-5rR1.jpeg,0.9688,False,2
1K6-1rpk4-2r5-1R4N1-8-1n6-8-5B1B.jpeg,0.9844,False,1
1K6-2b1Q3-R6B-8-8-3Q3B-5k2-1r2B3.jpeg,0.9219,False,5
1K6-2b5-3N4-p7-4B3-5Q2-n7-1Bk5.jpeg,0.9062,False,6
1K6-2B5-3P3p-2P2Q2-4kP2-8-8-1b6.jpeg,0.9688,False,2
1K6-2B5-8-2P2Bp1-3P1NQ1-4BB2-r4pB1-2q3k1.jpeg,0.9375,False,4
1K6-2b5-8-4B1B1-6n1-4r3-5k2-5n2.jpeg,1.0,True,0
1K6-2N1B1NR-2B5-4R2k-2Q5-P7-1p3p2-3r3B.jpeg,1.0,True,0
1k6-2N2B2-KN1NrB2-3bp3-b7-4R3-5q1p-8.jpeg,0.8281,False,11
1K6-2n3Q1-8-1N6-8-5R1r-8-2k5.jpeg,0.9844,False,1
1K6-2n3r1-5B2-7r-2P5-2bp2Q1-1Nk1R3-5Brb.jpeg,0.9531,False,3
1K6-2n4r-8-N3B1pN-8-2R5-4k3-8.jpeg,1.0,True,0
1K6-2nP2P1-8-8-2B5-8-8-4k3.jpeg,0.9531,False,3
1k6-2P2B2-3n2q1-3P4-1q2b3-3p4-KR2p3-4r1Nn.jpeg,0.9062,False,6
1K6-2p5-1n5p-8-B7-1P1kN3-8-8.jpeg,0.875,False,8
1K6-2p5-3b2P1-8-8-6b1-5k2-8.jpeg,0.9375,False,4
1K6-2P5-5n2-1kp5-3p4-2QN4-b1P5-2R5.jpeg,0.9844,False,1
1K6-2P5-7N-8-8-8-7k-3Q4.jpeg,1.0,True,0
1K6-2P5-8-8-6b1-2N4k-5B2-1b3N2.jpeg,1.0,True,0
1k6-2p5-8-P7-8-8-8-Kb6.jpeg,1.0,True,0
1K6-2p5-p3k1P1-2P5-n1r5-8-8-4r2Q.jpeg,1.0,True,0
1K6-2PP2Q1-8-8-4B3-6Br-R2b1b2-1nrN1kR1.jpeg,0.8438,False,10
1K6-2R1b3-2P5-2B5-2k5-8-7B-8.jpeg,0.9844,False,1
1K6-2r1k2b-2Q5-5R2-8-8-4Q3-B7.jpeg,0.9844,False,1
1K6-2r2pRp-nk4q1-8-2r1bN2-p7-2P2r2-8.jpeg,1.0,True,0
1K6-2R3P1-2P5-2P2R2-rb6-3qBq2-3k4-rn4r1.jpeg,0.9844,False,1
1K6-2R5-1n5N-1Q6-1N2Rk2-8-4PP2-4R2Q.jpeg,1.0,True,0
1K6-2r5-b2N2N1-8-4P1bk-2P5-5p1P-2Bb1B2.jpeg,0.9844,False,1
1K6-2rB2Q1-8-B7-2p5-6k1-8-N1B3B1.jpeg,1.0,True,0
1K6-3b4-2b5-8-8-5r2-8-5k2.jpeg,0.9531,False,3
1K6-3B4-4qPB1-5p1n-5P2-2PR3p-1b4k1-4b3.jpeg,1.0,True,0
1K6-3B4-8-7b-8-5P2-1r6-1B5k.jpeg,1.0,True,0
1K6-3B4-rR6-8-3k4-6B1-6q1-5b2.jpeg,0.9688,False,2
1k6-3Bq3-8-N1b4b-7P-Bb6-K3n2B-Q5n1.jpeg,1.0,True,0
1K6-3k2B1-7R-p4P1R-4b3-1r4b1-4BB2-3B2b1.jpeg,0.9531,False,3
1K6-3n1nP1-1P2n2P-4n3-5P2-5b2-4n3-Nk1n4.jpeg,0.9219,False,5
1K6-3N3Q-4k3-5R2-3bN1P1-8-1R6-8.jpeg,1.0,True,0
1K6-3N4-1k6-2b2B2-b7-8-8-2R2b2.jpeg,1.0,True,0
1k6-3n4-8-2R5-8-1n6-8-Kb6.jpeg,0.8594,False,9
1K6-3p2k1-1q3N1p-8-6b1-7b-N2p1n2-4b3.jpeg,0.9375,False,4
1K6-3p3p-3k4-3r1nN1-2qp4-4p2r-1b2b3-7B.jpeg,0.9375,False,4
1K6-3P3P-5Pk1-R7-8-4r2b-P5q1-1N6.jpeg,0.8906,False,7
1K6-3p4-1B3Bp1-4n2P-7R-6R1-Br1k4-1r3nr1.jpeg,1.0,True,0
1K6-3P4-1k6-4b3-4NBN1-2r5-8-8.jpeg,0.9844,False,1
1K6-3p4-4P2P-3N1k2-3Nq3-8-8-B2n3R.jpeg,0.9531,False,3
1k6-3p4-K7-5r2-p7-8-4pr2-8.jpeg,1.0,True,0
1K6-3P4-r5k1-8-2n1R3-1r2R3-4n3-b1n5.jpeg,1.0,True,0
1K6-3pr3-4p3-1r1k4-p1b5-8-8-8.jpeg,0.9219,False,5
1K6-3q4-2k5-8-B5q1-1n6-1b2bp2-8.jpeg,0.9062,False,6
1K6-3qR3-5pb1-8-3n4-8-3k3b-2NR4.jpeg,0.9219,False,5
1K6-3R2B1-P7-6k1-8-8-3P4-3n1rN1.jpeg,0.9844,False,1
1K6-3R2kr-8-8-8-BQ5r-2b1r3-5n2.jpeg,1.0,True,0
1k6-3r2nb-2r2pP1-5BN1-K1P5-8-2Q1r3-8.jpeg,0.9688,False,2
1K6-3R4-5kR1-4B3-8-nb6-4nr2-1rN2Q2.jpeg,1.0,True,0
1K6-3r4-8-3n4-5b1R-3k2R1-3p1P2-8.jpeg,1.0,True,0
1K6-3R4-8-8-4kb2-6P1-2B2B2-8.jpeg,0.9844,False,1
1K6-3rk3-2B5-8-8-6P1-2B5-q3R3.jpeg,0.9062,False,6
1K6-3RQR1b-8-8-8-4B3-4R1P1-4k3.jpeg,0.9219,False,5
1K6-4B3-7k-N7-6r1-8-8-8.jpeg,0.9688,False,2
1K6-4BQ2-8-3b4-8-8-4k3-8.jpeg,0.9531,False,3
1K6-4k3-3B4-8-3pPp2-8-8-8.jpeg,1.0,True,0
1K6-4k3-3Pq3-2N4n-N1P5-8-R6R-3n4.jpeg,0.9844,False,1
1K6-4k3-4B3-6r1-1P6-8-8-3N4.jpeg,1.0,True,0
1K6-4k3-8-N4p2-8-8-8-2b4q.jpeg,0.9531,False,3
1K6-4n3-2N5-2p5-R1pB1q2-5r2-2P1k3-8.jpeg,0.9844,False,1
1K6-4n3-4P3-8-1R5N-2k5-6n1-7N.jpeg,0.9375,False,4
1K6-4P3-3P3b-8-8-3pPk2-8-5N2.jpeg,0.9531,False,3
1K6-4Q3-6p1-5p1B-2q3n1-1p1B2Nb-4pk2-r2B4.jpeg,0.9531,False,3
1K6-4qp1Q-7r-8-rb6-3R4-8-3Q2k1.jpeg,0.9844,False,1
1K6-4r2k-8-8-7P-2P4N-8-2b2B2.jpeg,1.0,True,0
1K6-4R2p-3p1k2-8-1Q1R3p-8-1p6-1r6.jpeg,0.9219,False,5
1K6-4r2P-4P2q-2PN4-1N6-3n1b2-pP6-3k1b1N.jpeg,0.9844,False,1
1k6-4R3-2r5-K6b-1B6-8-8-8.jpeg,0.9844,False,1
1K6-4rQ2-6R1-3b4-1N2R3-8-6k1-8.jpeg,0.9688,False,2
1K6-5B2-3Pr3-1R3b2-1kn4p-8-1n6-2B5.jpeg,0.9844,False,1
1k6-5b2-6qb-5B1Q-6B1-8-3b4-K5B1.jpeg,0.9375,False,4
1K6-5b2-8-8-8-3k3p-4B2b-8.jpeg,0.9844,False,1
1K6-5B2-8-r5B1-1p1kp2B-8-1pN1B3-8.jpeg,0.9844,False,1
1K6-5k2-R1q3P1-2R5-6P1-1p6-8-2qr4.jpeg,0.9688,False,2
1K6-5kq1-1R6-2R1B2R-7b-2R4N-8-4n3.jpeg,1.0,True,0
1K6-5N2-1k6-1Q3b2-8-5Q2-8-8.jpeg,0.9375,False,4
1K6-5n2-5Q2-8-pk6-8-8-5b1B.jpeg,0.9062,False,6
1K6-5n2-8-8-3P4-8-2b5-7k.jpeg,0.9531,False,3
1K6-5P1r-4b3-8-3b4-8-8-3k4.jpeg,0.9688,False,2
1K6-5P2-3P4-8-8-2k5-4b1P1-1r6.jpeg,0.9844,False,1
1K6-5P2-B7-1k6-8-7N-8-8.jpeg,1.0,True,0
1K6-5q2-1P1N4-5R2-1n6-n3p3-8-3k1R2.jpeg,0.9844,False,1
1K6-5Q2-7b-4B3-8-8-2k2b1r-4B1n1.jpeg,0.9844,False,1
1k6-5qr1-5Q2-5P2-4R1Q1-7b-8-K1rBr3.jpeg,0.9219,False,5
1K6-5r1r-1R4N1-2p3Bn-q2B4-3P1N2-1P6-1r2k3.jpeg,0.5469,False,29
1K6-5r2-4n2r-3P4-5R2-6kp-2P3b1-2n4b.jpeg,0.8906,False,7
1K6-6b1-4r3-4k3-b2P4-2B3Q1-2r1rp2-3B2Bn.jpeg,0.9688,False,2
1K6-6k1-1n6-8-4R1b1-R5p1-4b3-7B.jpeg,1.0,True,0
1K6-6k1-1r6-2N5-2R5-8-8-8.jpeg,0.5781,False,27
1K6-6k1-8-2r4q-1p6-8-3P4-6n1.jpeg,0.9688,False,2
1K6-6k1-8-7R-B4PP1-7r-1P2p3-6r1.jpeg,0.8594,False,9
1K6-6N1-3kQ3-8-4Rb2-b7-8-8.jpeg,0.9688,False,2
1K6-6N1-6k1-6r1-3R4-8-8-1N6.jpeg,0.9375,False,4
1K6-6n1-8-2b4k-8-8-2N5-8.jpeg,1.0,True,0
1K6-6p1-1QN2Pr1-1B4Bb-3kp3-4PR2-7p-2r5.jpeg,1.0,True,0
1k6-6p1-3q4-8-q7-8-K7-8.jpeg,0.9844,False,1
1K6-6pb-8-3brR2-1k5R-8-8-5Q2.jpeg,1.0,True,0
1K6-6pP-8-8-2p5-6b1-2n1k3-8.jpeg,1.0,True,0
1K6-6Qr-nB3B2-N5R1-P7-4k3-3N4-3r3N.jpeg,0.5938,False,26
1K6-6r1-7b-4k2P-8-8-2rP4-8.jpeg,0.875,False,8
1K6-7B-rn3b2-6P1-1B6-3p3k-2B3q1-1BB5.jpeg,1.0,True,0
1K6-7k-1b6-8-3R4-8-2Q5-8.jpeg,0.9844,False,1
1K6-7k-4P3-1Q6-1p6-8-R7-6n1.jpeg,0.9531,False,3
1K6-7k-8-4R3-3r4-8-7b-8.jpeg,1.0,True,0
1K6-7n-B7-8-8-8-N4k2-8.jpeg,1.0,True,0
1K6-7p-1k6-8-8-4R3-8-1n6.jpeg,1.0,True,0
1K6-7P-2N5-B1b1R1rk-B7-2R1Q3-1p6-8.jpeg,0.9844,False,1
1K6-7P-8-6k1-4B2b-8-8-8.jpeg,0.9844,False,1
1K6-7P-8-8-2k5-5N2-1b6-8.jpeg,0.9844,False,1
1K6-7R-2k5-r7-7R-2p4n-8-Nq2N3.jpeg,1.0,True,0
1K6-8-1bb5-n7-8-4n3-2p5-2krr3.jpeg,0.6094,False,25
1K6-8-1k1r4-6R1-1P2rP2-1n6-3R4-1N3qr1.jpeg,0.9531,False,3
1K6-8-1k6-7p-5n2-5B2-8-8.jpeg,1.0,True,0
1K6-8-1N4p1-8-8-4k3-8-4R3.jpeg,1.0,True,0
1K6-8-1n6-8-8-2k5-8-R1r5.jpeg,0.9844,False,1
1K6-8-1p6-3k4-pr3r2-8-7p-7N.jpeg,0.9531,False,3
1k6-8-1P6-K7-8-7p-3p4-8.jpeg,1.0,True,0
1K6-8-1q2n2B-3R2N1-4p1R1-8-4B3-2r2k2.jpeg,0.9375,False,4
1K6-8-1r2n2P-B3N3-3k4-4N3-4P3-5Q2.jpeg,0.9688,False,2
1K6-8-1R3N2-8-8-1b6-8-5k2.jpeg,0.9844,False,1
1K6-8-1r6-6k1-4p1q1-8-8-R7.jpeg,0.9844,False,1
1K6-8-2B2p2-1P2N3-4k3-3b1N1b-8-B1Q2r2.jpeg,0.9844,False,1
1K6-8-2b4k-8-4n3-8-1R6-8.jpeg,0.875,False,8
1K6-8-2k4B-8-2P5-6r1-8-7R.jpeg,1.0,True,0
1K6-8-2k5-8-6n1-6P1-8-R7.jpeg,1.0,True,0
1K6-8-2N4n-8-4N3-8-5nk1-8.jpeg,0.9844,False,1
1k6-8-2R2RNB-4R3-pN6-1n6-3Bp3-K7.jpeg,0.9844,False,1
1K6-8-2R5-8-1b2p2B-3N4-4k3-n6q.jpeg,1.0,True,0
1K6-8-3B2b1-p7-5k2-1n6-8-8.jpeg,0.9688,False,2
1K6-8-3B4-7P-5R2-2b5-5k2-r4N2.jpeg,0.9844,False,1
1K6-8-3k4-r7-8-5P2-8-3r4.jpeg,0.9531,False,3
1K6-8-3n3N-2r1P1k1-8-8-8-8.jpeg,0.9844,False,1
1K6-8-3n4-3P4-5P2-8-4k3-8.jpeg,1.0,True,0
1K6-8-3R1R2-2q1P3-5Qnk-1P2B3-BB1Q1R2-7B.jpeg,0.9531,False,3
1K6-8-3r2Bq-3n4-4n3-6k1-5q2-5R2.jpeg,0.9375,False,4
1K6-8-3r4-8-2RN4-4n3-3k4-4BB2.jpeg,0.9688,False,2
1K6-8-4b1p1-5B2-6N1-4n3-6b1-2k1Q3.jpeg,1.0,True,0
1K6-8-4B3-5P2-P7-1N5q-5Rk1-8.jpeg,0.9531,False,3
1K6-8-4B3-8-8-2p4B-1kP2B2-3n4.jpeg,0.8906,False,7
1K6-8-4P2P-3Pk3-3q4-2N5-6BR-2N3b1.jpeg,0.9844,False,1
1K6-8-4q3-1nP3k1-4r1B1-1q1n2q1-2RB4-1q1r4.jpeg,1.0,True,0
1K6-8-4R3-5P2-8-8-4N1B1-1NR1k3.jpeg,1.0,True,0
1K6-8-5k2-2b5-8-3P2P1-8-4q3.jpeg,0.8125,False,12
1K6-8-5kP1-4b3-2B5-8-2P5-8.jpeg,0.9844,False,1
1K6-8-5Q2-R1P5-5P2-4bB1n-7k-3q4.jpeg,0.9844,False,1
1K6-8-6B1-7N-8-8-1p4k1-8.jpeg,0.9844,False,1
1k6-8-6n1-2Q1B1n1-8-K1p5-6P1-5N2.jpeg,1.0,True,0
1K6-8-6n1-8-8-r7-6bk-8.jpeg,0.875,False,8
1K6-8-6p1-8-4R3-8-3B4-3k4.jpeg,1.0,True,0
1K6-8-7B-4r3-8-5p2-8-2R2k2.jpeg,0.9844,False,1
1K6-8-7k-8-8-1b2N3-8-Q7.jpeg,0.9844,False,1
1K6-8-7Q-2b5-8-8-8-3k2N1.jpeg,0.9688,False,2
1K6-8-8-1n6-7P-2P2k2-1P6-5r1b.jpeg,1.0,True,0
1K6-8-8-2b1P3-5p2-8-8-rR2k3.jpeg,0.9844,False,1
1K6-8-8-2b5-5r1R-3P4-5k2-2b5.jpeg,1.0,True,0
1K6-8-8-2N5-3kNB2-p3R3-3b4-6N1.jpeg,0.9844,False,1
1K6-8-8-4b3-6B1-8-5k2-3n4.jpeg,0.9688,False,2
1K6-8-8-4k3-1B6-2r5-2p5-8.jpeg,1.0,True,0
1K6-8-8-4R3-8-6Q1-8-2R1k3.jpeg,1.0,True,0
